English,Thai
a an,หนึ่ง
abandon ,ละทิ้ง
abandoned ,ถูกปล่อยปละละเลย
ability ,ความสามารถ
able ,สามารถ
unable ,ไม่สามารถ
about  ,เกี่ยวกับ
above  ,ข้างบน
abroad ,ในต่างประเทศ
absence ,ขาด
absent ,ขาด
absolute ,แน่นอน
absolutely ,อย่างแน่นอน
absorb ,ซึมซับ
abuse  ,การละเมิด
academic ,วิชาการ
accent ,สำเนียง
accept ,ยอมรับ
acceptable ,ยอมรับได้
unacceptable ,รับไม่ได้
access ,เข้าไป
accident ,อุบัติเหตุ
by accident,โดยบังเอิญ
accidental ,โดยบังเอิญ
accidentally ,โดยไม่ตั้งใจ
accommodation ,ที่พัก
accompany ,มากับ
according to ,ตาม
account  ,บัญชีผู้ใช้
accurate ,ถูกต้อง
accurately ,แม่นยำ
accuse ,กล่าวโทษ
achieve ,บรรลุ
achievement ,ความสำเร็จ
acid ,กรด
acknowledge ,รับทราบ
acquire ,ซื้อ
across  ,ข้าม
act  ,ทำหน้าที่
action ,หนังบู๊
take action,เริ่มปฏิบัติ
active ,คล่องแคล่ว
actively ,อย่างกระตือรือร้น
activity ,กิจกรรม
actor actress ,นักแสดงชายนักแสดงหญิง
actual ,ที่จริง
actually ,แท้จริง
ad advertisement,โฆษณาโฆษณา
adapt ,ปรับ
add ,เพิ่ม
addition ,ส่วนที่เพิ่มเข้าไป
in addition ,นอกเหนือ
additional ,เพิ่มเติม
address  ,ที่อยู่
adequate ,เพียงพอ
adequately ,อย่างเพียงพอ
adjust ,ปรับ
admiration ,สิ่งที่น่าชมเชย
admire ,ชื่นชม
admit ,ยอมรับ
adopt ,นำมาใช้
adult  ,ผู้ใหญ่
advance  ,ล่วงหน้า
advanced ,สูง
in advance,ล่วงหน้า
advantage ,ความได้เปรียบ
take advantage of,ใช้ประโยชน์จาก
adventure ,การผจญภัย
advertise ,โฆษณา
advertising ,การโฆษณา
advertisement ,การโฆษณา
advice ,คำแนะนำ
advise ,ให้คำแนะนำ
affair ,เรื่อง
affect ,มีผลต่อ
affection ,ความรัก
afford ,จ่าย
afraid ,เกรงกลัว
after   ,หลังจาก
afternoon ,ตอนบ่าย
afterwards,ภายหลัง
again ,อีกครั้ง
against ,ต่อต้าน
aged ,มีอายุ
agency ,หน่วยงาน
agent ,ตัวแทน
aggressive ,ก้าวร้าว
ago ,มาแล้ว
agree ,ตกลง
agreement ,ข้อตกลง
ahead ,ล่วงหน้า
aid  ,ช่วยเหลือ
aim  ,จุดมุ่งหมาย
air ,อากาศ
aircraft ,อากาศยาน
airport ,สนามบิน
alarm  ,สัญญาณเตือนภัย
alarming ,น่ากลัว
alarmed ,ตกใจ
alcohol ,แอลกอฮอล์
alcoholic  ,มีส่วนผสมของแอลกอฮอล์
alive ,มีชีวิตอยู่
all ,ทั้งหมด
allow ,อนุญาต
all right ,ถูกต้อง
ally  ,พันธมิตร
allied ,เป็นพันธมิตรกัน
almost ,เกือบจะ
alone  ,คนเดียว
along  ,ตาม
alongside  ,คู่ขนาน
aloud ,ดัง
alphabet ,ตัวอักษร
alphabetical ,เรียงตามตัวอักษร
alphabetically ,ตามลำดับตัวอักษร
already ,แล้ว
also ,ด้วย
alter ,แก้ไข
alternative  ,ทางเลือก
alternatively ,อีกทางเลือกหนึ่ง
although ,แม้ว่า
altogether ,โดยสิ้นเชิง
always ,เสมอ
a.m. ,ก่อนเที่ยง
amaze ,ตะลึงพรึงเพริด
amazing ,น่าอัศจรรย์
amazed ,ประหลาดใจ
ambition ,ความทะเยอทะยาน
ambulance ,รถพยาบาล
among ,ในหมู่
amount  ,จำนวน
amuse ,เป็นที่ชอบใจ
amusing ,น่าขบขัน
amused ,ขบขัน
an a an,หนึ่ง
analyse ,วิเคราะห์
analysis ,การวิเคราะห์
ancient ,โบราณ
and ,และ
angle ,มุม
angry ,โกรธ
angrily ,อย่างโกรธ
animal ,สัตว์
ankle ,ข้อเท้า
anniversary ,วันครบรอบ
announce ,ประกาศ
annoy ,รบกวน
annoying ,น่ารำคาญ
annoyed ,รำคาญ
annual ,ประจำปี
annually ,เป็นประจำทุกปี
another ,อื่น
answer  ,ตอบ
anti- ,ปฏิ -
anticipate ,คาดหวัง
anxiety ,ความกังวล
anxious ,กระวนกระวาย
anxiously ,อย่างใจจดใจจ่อ
any ,ใด
anyone ,ใคร ๆ
anything ,สิ่งใด
anyway ,อย่างไรก็ตาม
anywhere ,ทุกแห่ง
apart ,ต่างหาก
apart from,นอกเหนือจาก
apartment ,อพาร์ทเม้น
apologize,ขอโทษ
apparent ,เห็นได้ชัด
apparently ,เด่นชัด
appeal  ,อุทธรณ์
appear ,ปรากฏ
appearance ,การปรากฏ
apple ,แอปเปิ้ล
application ,ใบสมัคร
apply ,ใช้
appoint ,แต่งตั้ง
appointment ,การแต่งตั้ง
appreciate ,ซาบซึ้ง
approach  ,เข้าใกล้
appropriate ,จัดสรร
approval ,การอนุมัติ
approve ,อนุมัติ
approving ,ที่อนุมัติ
approximate ,ประมาณ
approximately ,ประมาณ
area ,พื้นที่
argue ,เถียง
argument ,ข้อโต้แย้ง
arise ,เกิดขึ้น
arm  ,แขน
arms ,อาวุธ
armed ,อาวุธ
army ,กองทัพบก
around  ,รอบ
arrange ,เตรียมการ
arrangement ,การจัดการ
arrest  ,จับกุม
arrival ,การมาถึง
arrive ,มาถึง
arrow ,ลูกศร
art ,ศิลปะ
article ,บทความ
artificial ,เทียม
artificially ,ทำเทียม
artistic ,ศิลปะ
as   ,เช่น
ashamed ,ละอายใจ
aside ,กัน
aside from apart from,นอกเหนือจากการที่นอกเหนือจาก
ask ,ถาม
asleep ,นอนหลับ
fall asleep,หลับ
aspect ,แง่มุม
assist ,ช่วยเหลือ
assistance ,ความช่วยเหลือ
assistant  ,ผู้ช่วย
associate ,ที่เกี่ยวข้อง
associated with,ที่เกี่ยวข้องกับ
association ,สมาคม
assume ,สมมติ
assure ,รับประกัน
at ,ที่
atmosphere ,บรรยากาศ
atom ,อะตอม
attach ,แนบ
attached ,แนบมาด้วย
attack  ,โจมตี
attempt  ,พยายาม
attempted ,พยายาม
attend ,เข้าร่วม
attention ,ความสนใจ
pay attention,ใส่ใจ
attitude ,ท่าที
attorney,อัยการ
attract ,ดึงดูดใจ
attraction ,เสน่ห์
attractive ,มีเสน่ห์
audience ,ผู้ชม
August ,สิงหาคม
aunt ,ป้า
author ,ผู้เขียน
authority ,อำนาจ
automatic ,อัตโนมัติ
automatically ,อัตโนมัติ
autumn,ฤดูใบไม้ร่วง
available ,ใช้ได้
average  ,เฉลี่ย
avoid ,หลีกเลี่ยงการ
awake ,ตื่นตัว
award  ,รางวัล
aware ,ทราบ
away ,ไป
awful ,น่ากลัว
awfully ,ชะมัด
awkward ,อึดอัด
awkwardly ,อย่างเชื่องช้า
baby ,ทารก
back    ,กลับ
background ,พื้นหลัง
backwards,ย้อนกลับ
backward ,ย้อนกลับ
bacteria ,แบคทีเรีย
bad ,ไม่ดี
go bad,การเดินทางที่ไม่ดี
badly ,ไม่ดี
bad-tempered ,ใจร้อน
bag ,ถุง
baggage ,กระเป๋าเดินทาง
bake ,อบ
balance  ,สมดุล
ban  ,ห้าม
band ,วงดนตรี
bandage  ,ผ้าพันแผล
bank ,ธนาคาร
bar ,บาร์
bargain ,ต่อรอง
barrier ,อุปสรรค
base  ,ฐาน
based on,ขึ้นอยู่กับ
basic ,ขั้นพื้นฐาน
basically ,เป็นพื้น
basis ,รากฐาน
bath ,การอาบน้ำ
bathroom ,ห้องอาบน้ำ
battery ,แบตเตอรี่
battle ,การต่อสู้
bay ,อ่าว
be  auxiliary ,จะช่วย
beach ,ชายหาด
beak ,จะงอยปาก
bear ,หมี
beard ,เครา
beat  ,ตี
beautiful ,สวย
beautifully ,ตระการ
beauty ,ความงาม
because ,เพราะ
because of ,เพราะว่า
become ,กลายเป็น
bed ,เตียง
bedroom ,ห้องนอน
beef ,เนื้อวัว
beer ,เบียร์
before   ,ก่อน
begin ,เริ่ม
beginning ,จุดเริ่มต้น
behalf,ตัวแทน
behave ,ประพฤติ
behaviour,พฤติกรรม
behind  ,หลัง
belief ,ความเชื่อ
bell ,ระฆัง
belong ,เป็นของ
below  ,ด้านล่าง
belt ,เข็มขัด
bend  ,โค้ง
bent ,ก้ม
beneath  ,ใต้
benefit  ,ประโยชน์
beside ,ข้าง
bet  ,เดิมพัน
betting ,การพนัน
better ,ดีกว่า
between  ,ระหว่าง
beyond  ,เกิน
bicycle ,รถจักรยาน
bid  ,สั่ง
big ,ใหญ่
bill ,บิล
biology ,ชีววิทยา
bird ,นก
birth ,กำเนิด
give birth ,ให้กำเนิด
birthday ,วันเกิด
biscuit ,สีน้ำตาลอ่อน
bit ,นิดหน่อย
a bit,นิดหน่อย
bite  ,กัด
bitter ,ขม
bitterly ,สาหัส
black  ,สีดำ
blade ,ใบมีด
blame  ,ตำหนิ
blank  ,ว่างเปล่า
blankly ,blankly
blind ,ตาบอด
block  ,บล็อก
blonde   blond ,สีบลอนด์สีบลอนด์
blood ,เลือด
blow  ,ระเบิด
blue  ,สีน้ำเงิน
board  ,คณะกรรมการ
on board,บนกระดาน
boat ,เรือ
body ,ร่างกาย
boil ,ต้ม
bomb  ,วางระเบิด
bone ,กระดูก
book  ,หนังสือ
boot ,รองเท้า
border ,ชายแดน
bore ,เจาะ
boring ,น่าเบื่อ
bored ,เบื่อ
born,เกิด
borrow ,ยืม
boss ,นาย
both ,ทั้งสอง
bother ,ตื๊อ
bottle ,ขวด
bottom  ,ด้านล่าง
bound : bound to,ผูกพัน: ผูกไว้กับ
bowl ,ขัน
box ,กล่อง
boy ,เด็กผู้ชาย
boyfriend ,แฟน
brain ,สมอง
branch ,สาขา
brand ,ยี่ห้อ
bread ,ขนมปัง
break  ,หยุดพัก
broken ,เสีย
breakfast ,อาหารเช้า
breast ,เต้านม
breath ,ลมหายใจ
breathe ,หายใจ
breathing ,การหายใจ
breed  ,สายพันธุ์
brick ,อิฐ
bridge ,สะพาน
brief ,สั้น
briefly ,สั้น
bright ,สดใส
brightly ,แจ๊ด
brilliant ,สุกใส
bring ,นำมาซึ่ง
broad ,กว้าง
broadly ,แต้
broadcast  ,ออกอากาศ
broken break,แบ่งหัก
brother ,พี่ชาย
brown  ,สีน้ำตาล
brush  ,แปรง
bubble ,ฟอง
budget ,งบ
build ,สร้าง
building ,อาคาร
bullet ,กระสุน
bunch ,พวง
burn ,เผา
burnt ,ที่ถูกเผาไหม้
burst ,ระเบิด
bury ,ฝังศพ
bus ,รถบัส
bush ,พุ่มไม้
business ,ธุรกิจ
businessman,นักธุรกิจ
busy ,ไม่ว่าง
but ,แต่
butter ,เนย
button ,ปุ่ม
buy ,ซื้อ
buyer ,ผู้ซื้อ
by  ,โดย
bye ,บาย
cabinet ,คณะรัฐมนตรี
cable ,สายเคเบิล
cake ,เค้ก
calculate ,คำนวณ
calculation ,การคำนวณ
call  ,โทร
be called,จะเรียกว่า
calm   ,เงียบสงบ
calmly ,ใจเย็น
camera ,กล้อง
camp  ,ค่าย
camping ,แคมป์ปิ้ง
campaign ,รณรงค์
can modal  ,สามารถเป็นกิริยาช่วย
cannot,ไม่ได้
could modal ,อาจเป็นกิริยาช่วย
cancel ,ยกเลิก
cancer ,โรคมะเร็ง
candidate ,ผู้สมัคร
candy  ,ลูกอม
cap ,ฝาครอบ
capable ,สามารถ
capacity ,ความจุ
captain ,กัปตัน
capture  ,การจับกุม
car ,รถยนต์
card ,บัตร
cardboard ,กระดาษแข็ง
care  ,การดูแล
take care ,ดูแล
care for,ดูแลเพื่อ
career ,อาชีพ
careful ,ระมัดระวัง
carefully ,รอบคอบ
careless ,ประมาท
carelessly ,ลวก
carpet ,พรม
carrot ,แครอท
carry ,การพกพา
case ,กรณี
in case,เผื่อ
cash ,เงินสด
cast  ,หล่อ
castle ,ปราสาท
cat ,แมว
catch ,จับ
category ,ประเภท
cause  ,สาเหตุ
CD ,ซีดี
cease ,หยุด
ceiling ,เพดาน
celebrate ,ฉลอง
celebration ,งานเฉลิมฉลอง
cell ,เซลล์
cellphone,โทรศัพท์มือถือ
cent  ,ร้อย
centimetre,เซนติเมตร
central ,ศูนย์กลาง
centre ,ศูนย์
century ,ศตวรรษ
ceremony ,พิธี
certain ,แน่นอน
certainly ,อย่างแน่นอน
uncertain ,ไม่แน่ใจ
certificate ,ใบรับรอง
chain  ,เชื่อมต่อ
chair ,เก้าอี้
chairman,ประธาน
challenge  ,ท้าทาย
chamber ,ห้อง
chance ,โอกาส
change  ,เปลี่ยนแปลง
channel ,ช่อง
chapter ,บท
character ,ตัวละคร
characteristic  ,ลักษณะเฉพาะ
charge  ,ค่าใช้จ่าย
in charge of,ในความรับผิดชอบของ
charity ,การกุศล
chart  ,แผนภูมิ
chase  ,การไล่ล่า
chat  ,พูดคุย
cheap ,ถูก
cheaply ,อย่างถูก
cheat  ,โกง
check  ,ตรวจสอบ
cheek ,แก้ม
cheerful ,ร่าเริง
cheerfully ,เริงร่า
cheese ,ชีส
chemical  ,สารเคมี
chemist ,นักเคมี
chemist’s  ,ของนักเคมี
chemistry ,เคมี
cheque  ,ตรวจสอบ
chest ,หน้าอก
chew ,เคี้ยว
chicken ,ไก่
chief  ,หัวหน้า
child ,เด็ก
chin ,คาง
chip ,ชิป
chocolate ,ช็อคโกแลต
choice ,ทางเลือก
choose ,เลือก
chop ,สับ
church ,โบสถ์
cigarette ,บุหรี่
cinema ,โรงภาพยนตร์
circle ,วงกลม
circumstance ,สถานการณ์
citizen ,พลเมือง
city ,เมือง
civil ,พลเรือน
claim  ,ข้อเรียกร้อง
clap  ,ตบมือ
class ,ชั้น
classic  ,คลาสสิก
classroom ,ห้องเรียน
clean  ,สะอาด
clear  ,ชัดเจน
clearly ,อย่างเห็นได้ชัด
clerk ,เสมียน
clever ,ฉลาด
click  ,คลิก
client ,ลูกค้า
climate ,ภูมิอากาศ
climb ,ปีนขึ้นไป
climbing ,ปีนเขา
clock ,นาฬิกา
close ,ปิด
closely ,อย่างใกล้ชิด
close,ปิด
closed ,ปิด
closet  ,ตู้
cloth ,ผ้า
clothes ,เสื้อผ้า
clothing ,เสื้อผ้า
cloud ,เมฆ
club ,สโมสร
coach ,โค้ช
coast ,ชายฝั่ง
coat ,เสื้อโค้ท
code ,รหัส
coffee ,กาแฟ
coin ,เหรียญ
cold  ,หนาว
coldly ,หนาว
collapse  ,ล่มสลาย
colleague ,เพื่อนร่วมงาน
collect ,เก็บ
collection ,ชุด
college ,วิทยาลัย
colour ,สี
coloured   ,มีสี
column ,คอลัมน์
combination ,การรวมกัน
combine ,รวมกัน
comedy ,ความขบขัน
comfort  ,ความสบายใจ
comfortable ,สบาย
comfortably ,สะดวกสบาย
uncomfortable ,อึดอัด
command  ,คำสั่ง
comment  ,คิดเห็น
commercial ,เชิงพาณิชย์
commission  ,คณะกรรมาธิการ
commit ,ผูกมัด
commitment ,ความมุ่งมั่น
committee ,กรรมการ
common ,ร่วมกัน
in common,ในการร่วมกัน
commonly ,อย่างธรรมดา
communicate ,สื่อสาร
communication ,การสื่อสาร
community ,ชุมชน
company ,บริษัท
compare ,เปรียบเทียบ
comparison ,การเปรียบเทียบ
compete ,แข่งขัน
competition ,การแข่งขัน
competitive ,การแข่งขัน
complain ,บ่น
complaint ,การร้องเรียน
complete  ,สมบูรณ์
completely ,อย่างสมบูรณ์
complex ,ซับซ้อน
complicate ,ซับซ้อน
complicated ,ซับซ้อน
computer ,คอมพิวเตอร์
concentrate ,สมาธิ
concentration ,สมาธิ
concept ,แนวคิด
concern  ,กังวล
concerned ,ที่เกี่ยวข้อง
concerning ,เกี่ยวกับ
concert ,คอนเสิร์ต
conclude ,เอาเป็นว่า
conclusion ,ข้อสรุป
concrete  ,คอนกรีต
condition ,เงื่อนไข
conduct  ,ความประพฤติ
conference ,การประชุม
confidence ,ความมั่นใจ
confident ,มั่นใจ
confidently ,มั่นใจ
confine ,จำกัด ขอบเขต
confined ,ถูกคุมขัง
confirm ,ยืนยัน
conflict  ,ขัดแย้ง
confront ,เผชิญหน้า
confuse ,สับสน
confusing ,ทำให้เกิดความสับสน
confused ,สับสน
confusion ,ความสับสน
congratulations ,ขอแสดงความยินดี
congress ,รัฐสภา
connection ,สัมพันธ์
conscious ,มีสติอยู่
unconscious ,ไม่ได้สติ
consequence ,ผลพวง
conservative ,อนุรักษนิยม
consider ,พิจารณา
considerable ,มาก
considerably ,อย่างมาก
consideration ,การพิจารณา
consist of ,ประกอบด้วย
constant ,คงที่
constantly ,อย่างสม่ำเสมอ
construct ,สร้าง
construction ,การก่อสร้าง
consult ,ปรึกษา
consumer ,ผู้บริโภค
contact  ,ติดต่อ
contain ,บรรจุ
container ,ภาชนะ
contemporary ,ร่วมสมัย
content ,เนื้อหา
contest ,การประกวด
context ,บริบท
continent ,ทวีป
continue ,ต่อ
continuous ,ต่อเนื่องกัน
continuously ,อย่างต่อเนื่อง
contract  ,สัญญา
contrast  ,ความคมชัด
contrasting ,ตัดกัน
contribute ,สนับสนุน
contribution ,การสนับสนุน
control  ,ควบคุม
in control (of),ในการควบคุม (ของ)
under control,อยู่ในความควบคุม
controlled ,ควบคุม
uncontrolled ,ไม่มีการควบคุม
convenient ,สะดวกสบาย
convention ,การประชุม
conventional ,ตามธรรมเนียม
conversation ,การสนทนา
convert ,แปลง
convince ,โน้มน้าวใจ
cook  ,ปรุงอาหาร
cooker  ,เตา
cookie  ,คุกกี้
cool  ,เย็น
cope ,รับมือ
copy  ,สำเนา
core ,แกน
corner ,มุม
correct  ,แก้ไข
correctly ,ได้อย่างถูกต้อง
cost  ,ราคา
cottage ,กระท่อม
cotton ,ฝ้าย
cough  ,ไอ
coughing ,ไอ
could can,สามารถ
council ,สภา
count ,นับ
counter ,เคาน์เตอร์
country ,ประเทศ
countryside ,ชนบท
county ,เขต
couple ,คู่
a couple,คู่รัก
courage ,ความกล้าหาญ
course ,หลักสูตร
of course,แน่นอน
court ,ศาล
cousin ,ลูกพี่ลูกน้อง
cover  ,ปก
covered ,ปกคลุม
covering ,ครอบคลุม
cow ,วัว
crack  ,ร้าว
cracked ,Cracked
craft ,งานฝีมือ
crash  ,ชน
crazy ,บ้า
cream  ,ครีม
create ,สร้าง
creature ,สัตว์
credit ,เครดิต
credit card ,บัตรเครดิต
crime ,อาชญากรรม
criminal  ,อาชญากร
crisis ,วิกฤติ
crisp ,กรอบ
criterion ,เกณฑ์
critical ,วิกฤติ
criticism ,คำวิจารณ์
criticize,วิจารณ์
crop ,พืชผล
cross  ,ข้าม
crowd ,ฝูงชน
crowded ,แออัด
crown ,มงกุฎ
crucial ,สำคัญมาก
cruel ,โหดร้าย
crush ,บด
cry  ,ร้องไห้
cultural ,ด้านวัฒนธรรม
culture ,วัฒนธรรม
cup ,ถ้วย
cupboard ,ตู้
curb ,ขอบ
cure  ,รักษา
curious ,อยากรู้อยากเห็น
curiously ,ซอกแซก
curl  ,ขด
curly ,หยิก
current  ,ปัจจุบัน
currently ,ปัจจุบัน
curtain ,ม่าน
curve  ,เส้นโค้ง
curved ,โค้ง
custom ,กำหนดเอง
customer ,ลูกค้า
customs ,ศุลกากร
cut  ,ตัด
cycle  ,วงจร
cycling ,การขี่จักรยาน
dad ,พ่อ
damage  ,ความเสียหาย
damp ,ชื้น
dance  ,เต้นรำ
dancing ,การเต้นรำ
dancer ,นาฏ
danger ,อันตราย
dangerous ,เป็นอันตราย
dare ,กล้า
dark  ,มืด
data ,ข้อมูล
date  ,วันที่
daughter ,ลูกสาว
day ,วัน
dead ,ตาย
deaf ,หูหนวก
deal  ,จัดการ
deal with,จัดการกับ
death ,ความตาย
debate  ,อภิปราย
debt ,หนี้สิน
decade ,ทศวรรษ
decay  ,ผุ
December ,ธันวาคม
decide ,ตัดสิน
decision ,การตัดสิน
declare ,ประกาศ
decline  ,ลดลง
decorate ,ตกแต่ง
decoration ,เครื่องประดับ
decorative ,ตกแต่ง
decrease  ,ลดลง
deep  ,ลึก
deeply ,ลึก
defeat  ,ความพ่ายแพ้
defence,ป้องกัน
defend ,ป้องกัน
define ,กำหนด
definite ,ชัดเจน
definitely ,อย่างแน่นอน
definition ,คำนิยาม
degree ,ระดับ
delay  ,ความล่าช้า
deliberate ,พิจารณา
deliberately ,จงใจ
delicate ,ละเอียดอ่อน
delight  ,สุข
delighted ,ยินดี
deliver ,ส่งมอบ
delivery ,การจัดส่ง
demand  ,ความต้องการ
demonstrate ,สาธิต
dentist ,ทันตแพทย์
deny ,ปฏิเสธ
department ,สาขา
departure ,การออกเดินทาง
depend ,ขึ้นอยู่กับ
deposit  ,เงินฝาก
depress ,กด
depressing ,ตกต่ำ
depressed ,หดหู่
depth ,ความลึก
derive ,การสืบทอดมา
describe ,อธิบาย
description ,ลักษณะ
desert  ,ทะเลทราย
deserted ,วิเวกวังเวง
deserve ,สมน้ำสมเนื้อ
design  ,ออกแบบ
desire  ,ความต้องการ
desk ,เคาน์เตอร์
desperate ,หมดหวัง
desperately ,หมดท่า
despite ,แม้จะมี
destroy ,ทำลาย
destruction ,การทำลาย
detail ,รายละเอียด
in detail,ในรายละเอียด
detailed ,รายละเอียด
determination ,การกำหนด
determine ,กำหนด
determined ,มุ่งมั่น
develop ,พัฒนา
development ,พัฒนาการ
device ,เครื่อง
devote ,อุทิศ
devoted ,อุทิศ
diagram ,แผนภาพ
diamond ,เพชร
diary ,ไดอารี่
dictionary ,พจนานุกรม
die ,ตาย
dying ,เฮือกสุดท้าย
diet ,อาหาร
difference ,ข้อแตกต่าง
different ,ต่าง
differently ,ต่างกัน
difficult ,ยาก
difficulty ,ความยาก
dig ,ขุด
dinner ,อาหารเย็น
direct  ,โดยตรง
direction ,ทิศทาง
director ,ผู้อำนวยการ
dirt ,ฝุ่น
dirty ,สกปรก
disabled ,พิการ
disadvantage ,ข้อเสียเปรียบ
disagree ,ไม่เห็นด้วย
disagreement ,ความไม่เห็นด้วย
disappear ,หายไป
disappoint ,ผิดหวัง
disappointing ,ที่น่าผิดหวัง
disappointed ,ผิดหวัง
disappointment ,ความผิดหวัง
disapproval ,ความไม่พอใจ
disapprove ,ไม่เห็นด้วย
disapproving ,ซึ่งไม่พอใจ
disaster ,ภัยพิบัติ
disc ,จาน
discipline ,วินัย
discount ,ส่วนลด
discover ,ค้นพบ
discovery ,การค้นพบ
discuss ,สนทนา
discussion ,อภิปรายผล
disease ,โรค
disgust  ,รังเกียจ
disgusting ,น่าสะอิดสะเอียน
disgusted ,เบื่อหน่าย
dish ,จาน
dishonest ,ไม่สุจริต
dishonestly ,มิชอบ
disk ,ดิสก์
dislike  ,ไม่ชอบ
dismiss ,ยกเลิก
display  ,แสดง
dissolve ,ละลาย
distance ,ระยะทาง
distinguish ,เห็นความแตกต่าง
distribute ,กระจาย
distribution ,การกระจาย
district ,อำเภอ
disturb ,รบกวน
disturbing ,รบกวน
divide ,แบ่ง
division ,แผนก
divorce  ,หย่า
divorced ,การหย่าร้าง
do  auxiliary ,ทำเสริม
undo ,ยกเลิก
doctor ,คุณหมอ
document ,เอกสาร
dog ,หมา
dollar ,ดอลลาร์
domestic ,ในประเทศ
dominate ,ครอง
door ,ประตู
dot ,จุด
double ,สอง
doubt  ,สงสัย
down  ,ลง
downstairs   ,ข้างล่าง
downwards  ,ลงต่ำ
downward ,ลง
dozen  ,โหล
doctor,คุณหมอ
draft   ,ร่าง
drag ,ลาก
drama ,ละคร
dramatic ,น่าทึ่ง
dramatically ,เป็นคุ้งเป็นแคว
draw ,วาด
drawer ,ลิ้นชัก
dream  ,ฝัน
dress  ,แต่งตัว
dressed ,แต่งตัว
drink  ,ดื่ม
drive  ,ขับรถ
driving ,การขับรถ
driver ,คนขับรถ
drop  ,หล่น
drug ,ยา
drugstore ,ร้านขายยา
drum ,กลอง
drunk ,เมา
dry  ,แห้ง
due ,ครบกำหนด
due to,ไปเนื่องจาก
dull ,น่าเบื่อ
dump  ,เท
during ,ในระหว่าง
dust  ,ฝุ่น
duty ,หน้าที่
DVD ,ดีวีดี
each ,แต่ละ
each other,ซึ่งกันและกัน
ear ,หู
early  ,ตอนต้น
earn ,ได้รับ
earth ,โลก
ease  ,ความสะดวก
east   ,ทางทิศตะวันออก
eastern ,ทางตะวันออก
easy ,ง่าย
easily ,อย่างง่ายดาย
eat ,กิน
economic ,เศรษฐกิจ
economy ,เศรษฐกิจ
edge ,ขอบ
edition ,ฉบับ
editor ,บรรณาธิการ
educate ,ให้ความรู้
educated ,การศึกษา
education ,การศึกษา
effect ,ผล
effective ,มีประสิทธิภาพ
effectively ,มีประสิทธิภาพ
efficient ,ที่มีประสิทธิภาพ
efficiently ,อย่างมีประสิทธิภาพ
effort ,ความพยายาม
e.g. ,เช่น.
egg ,ไข่
either ,ทั้ง
elbow ,ข้อศอก
elderly ,สูงอายุ
elect ,รักษาการ
election ,การเลือกตั้ง
electric ,ไฟฟ้า
electrical ,ไฟฟ้า
electricity ,ไฟฟ้า
elegant ,สง่า
element ,ธาตุ
elevator ,ลิฟต์
else ,อื่น
elsewhere ,ที่อื่น ๆ
email ,อีเมล
embarrass ,ทำให้อึดอัดใจ
embarrassing ,น่าอาย
embarrassed ,อึดอัดใจ
embarrassment ,ความลำบากใจ
emerge ,ออกมา
emergency ,กรณีฉุกเฉิน
emotion ,อารมณ์
emotional ,อารมณ์
emotionally ,อารมณ์
emphasis ,ความสำคัญ
emphasize ,เน้น
empire ,จักรวรรดิ
employ ,จ้าง
unemployed ,ว่างงาน
employee ,ลูกจ้าง
employer ,นายจ้าง
employment ,การจ้าง
unemployment ,การว่างงาน
empty  ,ว่างเปล่า
enable ,ทำให้สามารถ
encounter  ,พบ
encourage ,ส่งเสริม
encouragement ,การให้กำลังใจ
end  ,ปลาย
in the end,ในที่สุด
ending ,สิ้นสุด
enemy ,ศัตรู
energy ,พลังงาน
engage ,ว่าจ้าง
engaged ,หมั้น
engine ,เครื่องยนต์
engineer ,วิศวกร
engineering ,วิศวกรรม
enjoy ,สนุก
enjoyable ,พอใจ
enjoyment ,สุข
enormous ,มหาศาล
enough,พอ
enquiry,การสอบสวน
ensure ,ทำให้มั่นใจ
enter ,เข้าสู่
entertain ,ความบันเทิง
entertaining ,ความบันเทิง
entertainer ,นักร้อง
entertainment ,การบันเทิง
enthusiasm ,ความกระตือรือร้น
enthusiastic ,กระตือรือร้น
entire ,ทั้งหมด
entirely ,อย่างสิ้นเชิง
entitle ,มีสิทธิออกเสียง
entrance ,ทางเข้า
entry ,การเข้า
envelope ,ซองจดหมาย
environment ,สิ่งแวดล้อม
environmental ,สิ่งแวดล้อม
equal   ,เท่ากัน
equally ,พอ ๆ กัน
equipment ,อุปกรณ์
equivalent  ,เท่ากัน
error ,ความผิดพลาด
escape  ,หนี
especially ,โดยเฉพาะอย่างยิ่ง
essay ,เรียงความ
essential  ,สำคัญ
essentially ,เป็นหลัก
establish ,สร้าง
estate ,ที่ดิน
estimate  ,ประมาณการ
etc. ,เป็นต้น
euro ,ยูโร
even  ,แม้
evening ,ตอนเย็น
event ,เหตุการณ์
eventually ,ในที่สุด
ever ,เคย
every ,ทุกๆ
everyone ,ทุกคน
everything ,ทุกอย่าง
everywhere ,ทุกที่
evidence ,หลักฐาน
evil  ,ชั่วร้าย
ex- ,อดีต
exact ,แน่นอน
exactly ,อย่างแน่นอน
exaggerate ,พูดเกินจริง
exaggerated ,ที่พูดเกินจริง
exam ,การสอบ
examination ,การตรวจสอบ
examine ,ตรวจสอบ
example ,ตัวอย่าง
excellent ,ยอดเยี่ยม
except  ,ยกเว้น
exception ,ข้อยกเว้น
exchange  ,แลกเปลี่ยน
in exchange ,ในการแลกเปลี่ยน
excite ,Excite
exciting ,น่าตื่นเต้น
excited ,ตื่นเต้น
excitement ,ความตื่นเต้น
exclude ,ไม่รวม
excluding ,ไม่รวม
excuse  ,ขอโทษ
executive  ,ฝ่ายบริหาร
exercise  ,การออกกำลังกาย
exhibit  ,จัดแสดง
exhibition ,งานแสดงนิทรรศการ
exist ,ที่มีอยู่
existence ,การดำรงอยู่
exit ,ทางออก
expand ,ขยายตัว
expect ,คาดหวัง
expected ,ที่คาดหวัง
unexpected ,ไม่คาดฝัน
unexpectedly ,กะทันหัน
expectation ,ความคาดหวัง
expense ,ค่าใช้จ่าย
expensive ,เเพง
experience  ,ประสบการณ์
experienced ,ที่มีประสบการณ์
experiment  ,การทดลอง
expert  ,ผู้เชี่ยวชาญ
explain ,อธิบาย
explanation ,คำอธิบาย
explode ,ระเบิด
explore ,สำรวจ
explosion ,การระเบิด
export  ,ส่งออก
expose ,เปิดเผย
express  ,ด่วน
expression ,การแสดงออก
extend ,ต่ออายุ
extension ,ส่วนขยาย
extensive ,กว้างขวาง
extent ,ขอบเขต
extra   ,พิเศษ
extraordinary ,วิสามัญ
extreme  ,สุดขีด
extremely ,อย่างมาก
eye ,ตา
face  ,ใบหน้า
facility ,สิ่งอำนวยความสะดวก
fact ,ความจริง
factor ,ปัจจัย
factory ,โรงงาน
fail ,ล้มเหลว
failure ,ความล้มเหลว
faint ,เป็นลม
faintly ,ราง
fair ,ธรรม
fairly ,อย่างเป็นธรรม
unfairly ,อย่างไม่เป็นธรรม
faithful ,ซื่อสัตย์
faithfully ,ซื่อ
Yours faithfully ,ขอแสดงความนับถือ
fall  ,ตก
fall over,ตก
false ,เท็จ
fame ,ชื่อเสียง
familiar ,คุ้นเคย
family  ,ครอบครัว
famous ,มีชื่อเสียง
fan ,แฟน
fancy  ,แฟนซี
far  ,ห่างไกล
further ,ต่อไป
farm ,ฟาร์ม
farming ,การทำฟาร์ม
farmer ,ชาวนา
farther farthest far,ไกลออกไปไกลไกล
fashion ,แฟชั่น
fashionable ,ทันสมัย
fast  ,รวดเร็ว
fasten ,ยึด
fat  ,อ้วน
father ,พ่อ
faucet  ,ก๊อกน้ำ
fault ,ความผิด
favour  ,โปรดปราน
in favour,ฮิต
favourite ,ที่ชื่นชอบ
fear  ,กลัว
feather ,ขน
feature  ,ลักษณะเฉพาะ
February ,กุมภาพันธ์
federal ,รัฐบาลกลาง
fee ,ค่าธรรมเนียม
feed ,อาหาร
feel ,รู้สึก
feeling ,ความรู้สึก
fellow  ,มนุษย์
female  ,หญิง
fence ,รั้ว
festival ,งานเทศกาล
fetch ,นำมา
fever ,ไข้
few ,น้อย
a few,จำนวนน้อย
field ,สนาม
fight  ,สู้
figure  ,รูป
file ,ไฟล์
fill ,เติม
film  ,ฟิล์ม
final  ,สุดท้าย
finally ,ในที่สุด
finance  ,การเงิน
financial ,การเงิน
find ,หา
find out sth,หาฏ
fine ,ละเอียด
finely ,ประณีต
finger ,นิ้ว
finish  ,เสร็จสิ้น
finished ,เสร็จ
fire  ,ไฟ
set fire to,จุดไฟเผา
firm   ,บริษัท
firmly ,แน่นหนา
first ,เป็นครั้งแรก
at first,ในตอนแรก
fish  ,ปลา
fishing ,ประมง
fit  ,พอดี
fix ,แก้ไข
fixed ,แก้ไขแล้ว
flame ,เปลวไฟ
flash  ,แฟลช
flat  ,แบน
flavour  ,รส
flesh ,เนื้อ
flight ,เที่ยวบิน
float ,ลอย
flood  ,น้ำท่วม
floor ,ชั้น
flour ,แป้ง
flow  ,ไหล
flower ,ดอกไม้
flu ,ไข้หวัดใหญ่
fly  ,บิน
flying  ,การบิน
focus  ,โฟกัส
fold  ,พับ
folding ,พับได้
follow ,ปฏิบัติตาม
following   ,ดังต่อไปนี้
food ,อาหาร
foot ,เท้า
football ,ฟุตบอล
for ,สำหรับ
force  ,บังคับ
forecast  ,พยากรณ์
foreign ,ต่างประเทศ
forest ,ป่า
forever ,ตลอดไป
forget ,ลืม
forgive ,ยกโทษให้
fork ,ส้อม
formal ,เป็นทางการ
formally ,เป็นทางการ
former ,อดีต
formerly ,สมัยก่อน
formula ,สูตร
fortune ,โชคลาภ
forward ,ข้างหน้า
forward ,ข้างหน้า
found ,พบ
foundation ,มูลนิธิ
frame  ,กรอบ
free   ,ฟรี
freely ,อิสระ
freeze ,แข็ง
frozen ,แช่แข็ง
frequent ,บ่อย
frequently ,บ่อยๆ
fresh ,สด
freshly ,เอี่ยม
Friday  ,วันศุกร์
fridge  ,ตู้เย็น
friend ,เพื่อน
make friends ,ทำความรู้จักกับเพื่อน
friendly ,เป็นมิตร
friendship ,มิตรภาพ
frighten ,ขู่
frightening ,น่ากลัว
frightened ,กลัว
from ,จาก
front  ,ด้านหน้า
in front ,ข้างหน้า
frozen freeze,แช่แข็งแช่แข็ง
fruit ,ผลไม้
fry  ,ทอด
fuel ,เชื้อเพลิง
full ,เต็ม
fully ,อย่างเต็มที่
fun  ,สนุก
make fun of,แซว
function  ,ฟังก์ชัน
fund  ,กองทุน
fundamental ,พื้นฐาน
funeral ,งานศพ
funny ,ตลก
fur ,ขน
furniture ,เฟอร์นิเจอร์
further furthest far,ห่างไกลต่อไป
future  ,อนาคต
g abbr. gram,กรัม abbr กรัม
gain  ,ได้รับ
gallon ,แกลลอน
gamble  ,เล่นการพนัน
gambling ,การเล่นการพนัน
game ,เกม
gap ,ช่องว่าง
garage ,โรงรถ
garbage  ,ขยะ
garden ,สวน
gas ,แก๊ส
gasoline  ,น้ำมันเบนซิน
gather ,รวบรวม
gear ,เกียร์
general ,ทั่วไป
generally ,โดยทั่วไป
in general,โดยทั่วไปแล้ว
generate ,สร้าง
generation ,รุ่น
generous ,ใจกว้าง
generously ,อย่างไม่เห็นแก่ตัว
gentle ,อ่อนโยน
gently ,ค่อยๆ
gentleman ,สุภาพบุรุษ
genuine ,แท้
genuinely ,อย่างแท้จริง
geography ,ภูมิศาสตร์
get ,ได้รับ
get on,ขึ้น
get off,ลง
giant  ,ยักษ์
gift ,ของขวัญ
girl ,สาว
girlfriend ,แฟน
give ,ให้
give sth away,ให้ออกไปฏ
give sth out,ให้ออกฏ
give (sth) up,ให้ (ฏ) ขึ้น
glad ,ดีใจ
glass ,กระจก
glasses ,แว่นตา
global ,ทั่วโลก
glove ,ถุงมือ
glue  ,กาว
go ,ไป
go down,ลงข้างล่าง
go up,ขึ้น
be going to,จะไป
goal ,เป้าหมาย
god ,พระเจ้า
gold  ,ทอง
good  ,ดี
good at,ดีที่
good for,ที่ดีสำหรับ
goodbye,ลาก่อน
goods ,สินค้า
govern ,ปกครอง
government ,รัฐบาล
governor ,ผู้ว่าราชการจังหวัด
grab ,คว้า
grade  ,เกรด
gradual ,ค่อยๆ
gradually ,ค่อยๆ
grain ,เมล็ดข้าว
gram,กรัม
grammar ,ไวยากรณ์
grand ,ยิ่งใหญ่
grandchild ,หลาน
granddaughter ,หลานสาว
grandfather ,คุณปู่
grandmother ,ยาย
grandparent ,ปู่ย่าตายาย
grandson ,หลานชาย
grant  ,ทุน
grass ,หญ้า
grateful ,กตัญญู
grave  ,หลุมฝังศพ
gray ,สีเทา
great ,ยิ่งใหญ่
greatly ,อย่างมาก
green  ,สีเขียว
grey  ,สีเทา
grocery ,ร้านขายของชำ
groceries ,ร้านขายของชำ
ground ,พื้น
group ,กลุ่ม
grow ,เจริญ
grow up,โตขึ้น
growth ,การเจริญเติบโต
guarantee  ,รับประกัน
guard  ,ยาม
guess  ,เดา
guest ,แขก
guide  ,คู่มือ
guilty ,รู้สึกผิด
gun ,ปืน
guy ,ผู้ชาย
habit ,นิสัย
hair ,ผม
hairdresser ,ช่างทำผม
half  ,ครึ่ง
hall ,ห้องโถง
hammer ,ค้อน
hand  ,มือ
handle  ,ด้ามจับ
hang ,แขวน
happen ,เกิดขึ้น
happiness ,ความสุข
unhappiness ,ความทุกข์
happy ,มีความสุข
happily ,เป็นสุข
unhappy ,ไม่มีความสุข
hard  ,ยาก
hardly ,แทบจะไม่
harm  ,อันตราย
harmful ,เป็นอันตราย
harmless ,ไม่เป็นอันตราย
hat ,หมวก
hate  ,เกลียด
hatred ,ความเกลียดชัง
have  auxiliary ,มีเสริม
have to modal ,มีการกิริยา
he ,เขา
head  ,ศีรษะ
headache ,อาการปวดหัว
heal ,รักษา
health ,สุขภาพ
healthy ,แข็งแรง
hear ,ได้ยิน
hearing ,การได้ยิน
heart ,หัวใจ
heat  ,ความร้อน
heating ,เครื่องทำความร้อน
heaven ,สวรรค์
heavy ,หนัก
heavily ,หนัก
heel ,ส้น
height ,ความสูง
hell ,นรก
hello ,สวัสดี
help  ,ช่วยด้วย
helpful ,เป็นประโยชน์
hence ,ด้วยเหตุนี้
her ,เธอ
hers ,ของเธอ
here ,ที่นี่
hero ,พระเอก
herself ,ตัวเธอเอง
hesitate ,ลังเล
hi ,สวัสดี
hide ,ซ่อน
high  ,สูง
highly ,อย่างมาก
highlight  ,ไฮไลท์
highway  ,ทางหลวง
hill ,เนินเขา
him ,เขา
himself ,ตัวเขาเอง
hip ,สะโพก
hire  ,จ้าง
his ,ของเขา
historical ,ประวัติศาสตร์
history ,ประวัติศาสตร์
hit  ,ตี
hobby ,งานอดิเรก
hold  ,ถือ
hole ,รู
holiday ,วันหยุด
hollow ,กลวง
holy ,ศักดิ์สิทธิ์
home  .,บ้าน  .
homework ,การบ้าน
honest ,ซื่อสัตย์
honestly ,อย่างสุจริต
honour ,เกียรติ
in honour/honor of,ในเกียรติ / เกียรติของ
hook ,ตะขอ
hope  ,ความหวัง
horizontal ,ตามแนวนอน
horn ,เขา
horror ,ความน่ากลัว
horse ,ม้า
hospital ,โรงพยาบาล
host  ,เจ้าภาพ
hot ,ร้อน
hotel ,โรงแรม
hour ,ชั่วโมง
house ,บ้าน
housing ,การเคหะ
household  ,ครัวเรือน
how ,อย่างไร
however ,อย่างไรก็ตาม
huge ,ใหญ่
human  ,เป็นมนุษย์
humorous ,ตลก
humour ,อารมณ์ขัน
hungry ,หิว
hunt ,ล่า
hunting ,การล่าสัตว์
hurry  ,รีบเร่ง
in a hurry,รีบร้อน
hurt ,เจ็บ
husband ,สามี
I ,ผม
ice ,น้ำแข็ง
ice cream ,ไอศครีม
idea ,ความคิด
ideal  ,ในอุดมคติ
ideally ,ความนึกคิด
identify ,แยกแยะ
i.e. ,นั่นคือ
if ,ถ้า
ignore ,ไม่สนใจ
ill  ,ป่วย
illegal ,ที่ผิดกฎหมาย
illegally ,ผิดกฎหมาย
illness ,การเจ็บป่วย
illustrate ,แสดง
image ,ภาพ
imaginary ,สมมุติขึ้น
imagination ,จินตนาการ
imagine ,จินตนาการ
immediate ,ทันทีทันใด
immediately ,ทันที
immoral ,ผิดศีลธรรม
impact ,ส่งผลกระทบ
impatient ,ใจร้อน
impatiently ,มุทะลุ
implication ,ความหมาย
imply ,บ่งบอกถึง
import  ,นำเข้า
importance ,ความสำคัญ
important ,สำคัญ
importantly ,ที่สำคัญ
unimportant ,ไม่สำคัญ
impose ,กำหนด
impossible ,เป็นไปไม่ได้
impress ,ประทับใจ
impressed ,ประทับใจ
impression ,ความประทับใจ
impressive ,ประทับใจ
improve ,ทำให้ดีขึ้น
improvement ,การปรับปรุง
in  ,ใน
inability ,การไร้ความสามารถ
inch ,นิ้ว
incident ,อุบัติการณ์
include ,ประกอบด้วย
including ,รวมทั้ง
income ,เงินได้
increase  ,เพิ่มขึ้น
increasingly ,ขึ้น
indeed ,จริง
independence ,ความเป็นอิสระ
independent ,อิสระ
independently ,อิสระ
index ,ดัชนี
indicate ,แสดง
indication ,การแสดง
indirect ,ทางอ้อม
indirectly ,โดยทางอ้อม
individual  ,รายบุคคล
indoors ,ในบ้าน
indoor ,ในร่ม
industrial ,ด้านอุตสาหกรรม
industry ,อุตสาหกรรม
inevitable ,แน่นอน
inevitably ,ย่อม
infect ,การติดเชื้อ
infected ,ติดเชื้อแล้ว
infection ,การติดเชื้อ
infectious ,ติดเชื้อ
influence  ,มีอิทธิพล
inform ,แจ้ง
informal ,ไม่เป็นทางการ
information ,ข้อมูล
ingredient ,ส่วนผสม
initial  ,แรกเริ่ม
initially ,ในขั้นต้น
initiative ,ความคิดริเริ่ม
injure ,ได้รับบาดเจ็บ
injured ,ที่ได้รับบาดเจ็บ
injury ,ความเสียหาย
ink ,หมึก
inner ,ภายใน
innocent ,ผู้บริสุทธิ์
inquiry enquiry,สอบถามรายละเอียดเพิ่มเติมสอบถามรายละเอียดเพิ่มเติม
insect ,แมลง
insert ,แทรก
inside    ,ภายใน
insist ,ยืนยัน
install ,ติดตั้ง
instance ,ตัวอย่าง
for instance,เช่น
instead ,แทน
instead of,แทน
institute ,สถาบัน
institution ,สถาบัน
instruction ,คำแนะนำ
instrument ,เครื่องดนตรี
insult  ,ดูถูก
insulting ,ดูถูก
insurance ,ประกันภัย
intelligence ,สติปัญญา
intelligent ,ฉลาด
intend ,ตั้งใจ
intended ,ตั้งใจว่า
intention ,ความตั้งใจ
interest  ,น่าสนใจ
interesting ,น่าสนใจ
interior  ,ภายใน
internal ,ภายใน
international ,ระหว่างประเทศ
Internet ,อินเทอร์เน็ต
interpret ,ตีความ
interpretation ,การตีความ
interrupt ,ขัดจังหวะ
interruption ,การหยุดชะงัก
interval ,ระยะห่าง
interview  ,สัมภาษณ์
into ,เข้าไป
introduce ,แนะนำ
introduction ,บทนำ
invent ,คิดค้น
invention ,การประดิษฐ์
invest ,ลงทุน
investigate ,สอบสวน
investigation ,ตรวจสอบ
investment ,การลงทุน
invitation ,คำเชิญ
invite ,เชิญ
involve ,รวมถึง
involved in,ในการมีส่วนร่วม
involvement ,การมีส่วนร่วม
iron  ,เหล็ก
irritate ,ระคายเคือง
irritating ,ที่ทำให้โกรธ
irritated ,ระคายเคือง
island ,เกาะ
issue  ,ปัญหา
it ,มัน
its ,ของมัน
item ,สิ่งของ
itself ,ตัวเอง
jacket ,แจ็คเก็ต
jam ,แยม
January ,มกราคม
jealous ,อิจฉา
jeans ,กางเกงยีนส์
jelly ,วุ้น
jewellery ,เครื่องเพชรพลอย
job ,งาน
join ,ร่วม
joint  ,ร่วมกัน
jointly ,ร่วมกัน
joke  ,เรื่องตลก
journalist ,นักข่าว
journey ,การเดินทาง
joy ,ความปิติยินดี
judge  ,ผู้พิพากษา
judgement ,การตัดสิน
juice ,น้ำผลไม้
July  ,กรกฎาคม
jump  ,กระโดด
June  ,มิถุนายน
junior  ,อนุ
just ,แค่
justice ,ความยุติธรรม
justify ,แสดงให้เห็นถึง
justified ,ธรรม
kilometre,กิโลเมตร
keen ,กระตือรือร้น
keen on,ใฝ่ใจ
keep ,เก็บ
key  ,สำคัญ
keyboard ,แป้นพิมพ์
kick  ,เตะ
kid ,เด็ก
kill ,ฆ่า
kilogram ,กิโลกรัม
kilometre ,กิโลเมตร
kind  ,ชนิด
kindly ,กรุณา
unkind ,เหี้ยมโหด
kindness ,ความเมตตา
king ,กษัตริย์
kiss  ,จูบ
kitchen ,ครัว
knee ,เข่า
knife ,มีด
knit ,ถัก
knitted ,ที่ถัก
knitting ,การถัก
knot ,ปม
know ,ทราบ
unknown ,ไม่ทราบ
well known ,ที่รู้จักกันดี
knowledge ,ความรู้
label  ,ฉลาก
laboratory ,ห้องปฏิบัติการ
labour ,แรงงาน
lack  ,ไม่มี
lacking ,ขาดแคลน
lady ,ผู้หญิง
lake ,ทะเลสาป
lamp ,โคมไฟ
land  ,ที่ดิน
landscape ,ภูมิประเทศ
lane ,ตรอก
language ,ภาษา
large ,ใหญ่
largely ,ส่วนใหญ่
last,ล่าสุด
late  ,สาย
later  ,ต่อมา
latest  ,ล่าสุด
latter  ,ระยะหลัง
launch  ,เปิด
law ,กฎหมาย
lawyer ,ทนายความ
lay ,วาง
layer ,ชั้น
lazy ,ขี้เกียจ
lead ,ตะกั่ว
leading ,ชั้นนำ
leader ,หัวหน้า
leaf ,ใบไม้
league ,พันธมิตร
lean ,ยัน
learn ,เรียน
least ,น้อยที่สุด
at least,อย่างน้อย
leather ,หนังสัตว์
leave ,ออกจาก
leave out,ออกจาก
lecture ,คำบรรยาย
left   ,ซ้าย
leg ,ขา
legal ,ถูกกฎหมาย
legally ,ตามกฎหมาย
lemon ,มะนาว
lend ,ยืม
length ,ความยาว
less ,น้อยกว่า
let ,ปล่อย
letter ,จดหมาย
level  ,ชั้น
library ,ห้องสมุด
licence ,อนุญาต
license ,อนุญาต
lid ,ฝา
lie  ,โกหก
life ,ชีวิต
lift  ,ยก
light   ,เบา
lightly ,เบา
like   ,ชอบ
unlike  ,แตกต่าง
likely  ,เป็นไปได้
unlikely ,ไม่แน่
limit  ,จำกัด
limited ,ถูก จำกัด
line ,ไลน์
link  ,ลิงค์
lip ,ฝีปาก
liquid  ,ของเหลว
list  ,รายการ
listen ,ฟัง
literature ,วรรณกรรม
litre  ,ลิตร
little  ,น้อย
live ,มีชีวิต
living ,การดำรงชีวิต
lively ,สดใส
load  ,ภาระ
unload ,ขน
loan ,เงินกู้
local ,ในประเทศ
locally ,ในท้องถิ่น
locate ,ตั้งอยู่
located ,ที่ตั้งอยู่
location ,ที่ตั้ง
lock  ,ล็อค
logic ,ตรรกะ
logical ,ตรรกะ
lonely ,โดดเดี่ยว
look  ,ดู
look after ,ดูแล
look at,ดูที่
look for,มองหา
look forward to,ตั้งตารอ
loose ,หลวม
loosely ,อย่างอิสระ
lord ,เจ้า
lorry  ,รถบรรทุก
lose ,แพ้
loss ,การสูญเสีย
lot,จำนวนมาก
loud  ,ดัง
loudly ,ลั่น
love  ,รัก
lovely ,น่ารัก
lover ,คนรัก
low  ,ต่ำ
luck ,โชค
lucky ,โชคดี
unlucky ,โชคร้าย
luggage ,กระเป๋าเดินทาง
lump ,ก้อน
lunch ,อาหารกลางวัน
lung ,ปอด
machine ,เครื่อง
machinery ,เครื่องจักรกล
mad ,บ้า
magazine ,นิตยสาร
magic  ,มายากล
mail  ,อีเมล
main ,หลัก
mainly ,ส่วนใหญ่
maintain ,เก็บรักษา
major ,สำคัญ
majority ,ส่วนใหญ่
make  ,แต่งหน้า
make sth up,ทำขึ้นฏ
make-up ,แต่งหน้า
male  ,ชาย
mall ,ห้างสรรพสินค้า
man ,ชาย
manage ,จัดการ
manager ,ผู้จัดการ
manner ,ลักษณะ
manufacture  ,การผลิต
manufacturing ,การผลิต
manufacturer ,ผู้ผลิต
many ,จำนวนมาก
map ,แผนที่
March ,มีนาคม
march  ,มีนาคม
mark  ,เครื่องหมาย
market ,ตลาด
marketing ,การตลาด
marriage ,การแต่งงาน
marry ,แต่งงาน
married ,แต่งงาน
mass  ,มวล
massive ,มาก
master ,เจ้านาย
match  ,การจับคู่
matching ,การจับคู่
mate  ,เพื่อน
material  ,วัสดุ
mathematics ,คณิตศาสตร์
matter  ,เรื่อง
maximum  ,ขีดสุด
may modal ,อาจเป็นกิริยาช่วย
May ,อาจ
maybe ,อาจจะ
mayor ,นายกเทศมนตรี
me ,ผม
meal ,อาหาร
mean ,ค่าเฉลี่ย
meaning ,ความหมาย
means ,วิธี
by means of,โดย
meanwhile ,ในขณะเดียวกัน
measure  ,วัด
measurement ,การวัด
meat ,เนื้อ
media ,สื่อ
medical ,ทางการแพทย์
medicine ,ยา
medium  ,กลาง
meet ,พบกัน
meeting ,ประชุม
melt ,ละลาย
member ,สมาชิก
membership ,การเป็นสมาชิก
memory ,หน่วยความจำ
in memory of,ในหน่วยความจำ
mental ,ทางใจ
mentally ,ทางจิตใจ
mention ,กล่าวถึง
menu ,เมนู
mere ,เท่านั้น
merely ,แค่
mess ,ความยุ่งเหยิง
message ,ข่าวสาร
metal ,โลหะ
method ,วิธี
metre  ,เมตร
milligram,มิลลิกรัม
mid- combining form,กลางรูปแบบการรวม
midday ,เที่ยง
middle  ,กลาง
midnight ,เที่ยงคืน
might modal ,อาจเป็นกิริยาช่วย
mild ,อ่อน
mile ,ไมล์
military ,ทหาร
milk ,นม
milligram,มิลลิกรัม
millimetre,มิลลิเมตร
mind  ,ใจ
mine,เหมือง
mineral  ,แร่
minimum  ,ขั้นต่ำ
minister ,รัฐมนตรี
ministry ,กระทรวง
minor ,ผู้เยาว์
minority ,ชนกลุ่มน้อย
minute ,นาที
mirror ,กระจกเงา
miss  ,นางสาว
Miss ,นางสาว
missing ,หายไป
mistake  ,ผิดพลาด
mistaken ,ผิดพลาด
mix  ,ผสม
mixed ,ผสม
mixture ,สารผสม
mobile ,โทรศัพท์มือถือ
mobile phone ,โทรศัพท์มือถือ
model ,แบบ
modern ,ทันสมัย
mom ,แม่
moment ,ขณะ
Monday  ,วันจันทร์
money ,เงิน
monitor  ,หน้าจอ
month ,เดือน
mood ,อารมณ์
moon ,ดวงจันทร์
moral ,คุณธรรม
morally ,ในทางศีลธรรม
more ,มากกว่า
moreover ,ยิ่งไปกว่านั้น
morning ,ตอนเช้า
most ,มากที่สุด
mostly ,ส่วนใหญ่
mother ,แม่
motion ,การเคลื่อนไหว
motor ,เครื่องยนต์
motorcycle ,รถจักรยานยนต์
mount  ,ภูเขา
mountain ,ภูเขา
mouse ,เม้าส์
mouth ,ปาก
move  ,ย้าย
moving ,การเคลื่อนย้าย
movement ,การเคลื่อนไหว
movie  ,หนัง
movie theater  ,โรงภาพยนตร์
Mr  ,นาย
Mrs  ,นาง
Ms  ,นางสาว
much ,มาก
mud ,โคลน
multiply ,คูณ
mum  ,แม่
murder  ,ฆาตกรรม
muscle ,กล้ามเนื้อ
museum ,พิพิธภัณฑ์
music ,เพลง
musical ,ดนตรี
musician ,นักดนตรี
must modal ,ต้องเป็นกิริยาช่วย
my ,ของฉัน
myself ,ตนเอง
mysterious ,ลึกลับ
mystery ,ความลึกลับ
nail ,เล็บ
naked ,เปลือยกาย
name  ,ชื่อ
narrow ,แคบ
nation ,ประเทศชาติ
national ,แห่งชาติ
natural ,โดยธรรมชาติ
naturally ,เป็นธรรมชาติ
nature ,ธรรมชาติ
navy ,กองทัพเรือ
near   ,ใกล้
nearby  ,ใกล้เคียง
nearly ,เกือบ
neat ,เรียบร้อย
neatly ,อย่างเรียบร้อย
necessary ,จำเป็น
necessarily ,อย่างจำเป็น
unnecessary ,ไม่จำเป็น
neck ,คอ
need  modal  ,จำเป็นกิริยา
needle ,เข็ม
negative ,เชิงลบ
neighbour  ,เพื่อนบ้าน
neighbourhood  ,ย่าน
neither ,ค่า
nephew ,หลานชาย
nerve ,เส้นประสาท
nervous ,หงุดหงิด
nervously ,อย่างหงุดหงิด
nest  ,รัง
net ,สุทธิ
network ,เครือข่าย
never ,ไม่เคย
nevertheless ,แต่ถึงอย่างไร
new ,ใหม่
newly ,ใหม่
news ,ข่าว
newspaper ,หนังสือพิมพ์
next   ,ต่อไป
next to ,ต่อไป
nice ,ดี
nicely ,อย่างดี
niece ,หลานสาว
night ,กลางคืน
no ,ไม่
No. ,เลขที่
nobody (also no one) ,ไม่มีใคร (ยังไม่มีใคร)
noise ,สัญญาณรบกวน
noisy ,ดัง
noisily ,มี่ฉาว
non- ,ไม่
none ,ไม่มี
nonsense ,เรื่องไร้สาระ
nor  ,ไม่
normal  ,ปกติ
normally ,ปกติ
north   ,ทางทิศเหนือ
northern ,ภาคเหนือ
nose ,จมูก
not ,ไม่
note  ,บันทึก
nothing ,ไม่มีอะไร
notice  ,แจ้งให้ทราบ
take notice of,จะแจ้งให้ทราบ
noticeable ,เห็นได้ชัด
novel ,นวนิยาย
November ,พฤศจิกายน
now ,ตอนนี้
nowhere ,ไม่มีที่ไหนเลย
nuclear ,นิวเคลียร์
number ,จำนวน
nurse ,พยาบาล
nut ,ถั่ว
obey ,เชื่อฟัง
object  ,วัตถุ
objective  ,วัตถุประสงค์
observation ,การสังเกต
observe ,สังเกต
obtain ,ได้รับ
obvious ,ชัดเจน
obviously ,อย่างชัดเจน
occasion ,โอกาส
occasionally ,เป็นครั้งคราว
occupy ,ครอบครอง
occupied ,ที่ถูกครอบครอง
occur ,เกิดขึ้น
ocean ,มหาสมุทร
o’clock ,โมง
October ,ตุลาคม
odd ,แปลก
oddly ,อย่างผิดปกติ
of ,ของ
off  ,ปิด
offence ,การกระทำผิดกฎหมาย
offend ,ขัดใจ
offensive ,น่ารังเกียจ
offer  ,เสนอ
office ,สำนักงาน
officer ,เจ้าหน้าที่
official  ,เป็นทางการ
officially ,อย่างเป็นทางการ
often ,บ่อยครั้ง
oh exclamation,โอ้อัศเจรีย์
oil ,น้ำมัน
OK ,ตกลง
old ,เก่า
old-fashioned ,หัวโบราณ
on  ,บน
once  ,ครั้งหนึ่ง
one number ,จำนวนหนึ่ง
one another each other,อีกคนหนึ่งซึ่งกันและกัน
onion ,หัวหอม
only  ,เท่านั้น
onto ,ไปยัง
open  ,เปิด
openly ,เปิดเผย
opening ,การเปิด
operate ,ทำงาน
operation ,การทำงาน
opinion ,ความคิดเห็น
opponent ,คู่แข่ง
opportunity ,โอกาส
oppose ,ต่อต้าน
opposing ,ที่คัดค้าน
opposed to,นอกคอก
opposite    ,ตรงข้าม
opposition ,ฝ่ายค้าน
option ,ตัวเลือก
or ,หรือ
orange  ,ส้ม
order  ,ใบสั่ง
in order to,เพื่อที่จะ
ordinary ,สามัญ
organ ,อวัยวะ
organization,องค์กร
organize ,จัดระเบียบ
organized ,จัด
origin ,ที่มา
original  ,เป็นต้นฉบับ
originally ,แต่เดิม
other  ,อื่น ๆ
otherwise ,มิฉะนั้น
ought to modal ,ควรจะกิริยา
our ,ของเรา
ours ,ของเราเอง
ourselves ,ตัวเรา
out (of)  ,ออก (จาก)
outdoors ,กลางแจ้ง
outdoor ,กลางแจ้ง
outer ,ด้านนอก
outline  ,เค้าโครง
output ,เอาท์พุต
outside    ,ด้านนอก
outstanding ,โดดเด่น
oven ,เตาอบ
over  ,เกิน
overall  ,ทั้งหมด
overcome ,เอาชนะ
owe ,เป็นหนี้
own ,ด้วยตัวเอง
owner ,เจ้าของ
pace ,ก้าว
pack  ,แพ็ค
package  ,บรรจุภัณฑ์
packaging ,บรรจุภัณฑ์
packet ,ห่อ
page  ,หน้า
pain ,ความเจ็บปวด
painful ,เจ็บปวด
paint  ,สี
painting ,จิตรกรรม
painter ,จิตรกร
pair ,คู่
palace ,พระราชวัง
pale ,ซีด
pan ,กระทะ
panel ,แผงหน้าปัด
pants ,กางเกง
paper ,กระดาษ
parallel ,ขนาน
parent ,ผู้ปกครอง
park  ,สวน
parliament ,รัฐสภา
part ,ส่วนหนึ่ง
take part ,มีส่วนร่วม
particular ,โดยเฉพาะ
particularly ,โดยเฉพาะ
partly ,เป็นบางส่วน
partner ,หุ้นส่วน
partnership ,หุ้นส่วน
party ,พรรค
passing  ,ที่ผ่านไป
passage ,ทางเดิน
passenger ,ผู้โดยสาร
passport ,หนังสือเดินทาง
past    ,อดีต
path ,เส้นทาง
patience ,ความอดทน
patient  ,อดทน
pattern ,แบบแผน
pause  ,หยุด
pay  ,การจ่ายเงิน
payment ,การชำระเงิน
peace ,ความสงบ
peaceful ,เงียบสงบ
peak ,จุดสูงสุด
pen ,ปากกา
pence ,เพนนี
penny,เงิน
pencil ,ดินสอ
penny,เงิน
pension ,เงินบำนาญ
people ,คน
pepper ,พริกไทย
per ,ต่อ
per cent ,ร้อยละ
perfect ,สมบูรณ์
perfectly ,อย่างสมบูรณ์
perform ,ปฏิบัติการ
performer ,ผู้ปฏิบัติ
perhaps ,บางที
period ,ระยะเวลา
permanent ,ถาวร
permanently ,อย่างถาวร
permission ,การอนุญาต
permit ,ใบอนุญาต
personal ,ส่วนบุคคล
personally ,ส่วนตัว
personality ,บุคลิกภาพ
persuade ,ชักชวน
petrol  ,เบนซิน
phase ,ระยะ
philosophy ,ปรัชญา
phone telephone,โทรศัพท์โทรศัพท์
photocopy  ,ถ่ายสำเนา
photograph  ,ถ่ายภาพ
photographer ,ช่างภาพ
photography ,การถ่ายภาพ
phrase ,วลี
physical ,กายภาพ
physically ,ทางร่างกาย
physics ,ฟิสิกส์
piano ,เปียโน
pick ,เลือก
pick sth up,รับฏ
picture ,ภาพ
piece ,ชิ้น
pig ,หมู
pile  ,กอง
pill ,ยา
pilot ,นักบิน
pin  ,หมุด
pink  ,สีชมพู
pint ,ไพน์
pitch ,ขว้าง
pity ,สงสาร
place  ,สถานที่
take place,แทนที่
plain ,ที่ราบ
plan  ,วางแผน
planning ,การวางแผน
plane ,เครื่องบิน
planet ,ดาวเคราะห์
plant  ,ปลูก
plastic  ,พลาสติก
plate ,จาน
platform ,เวที
play  ,เล่น
player ,ผู้เล่น
pleasant ,น่ารื่นรมย์
pleasantly ,เป็นสุข
unpleasant ,ไม่เป็นที่พอใจ
please ,กรุณา
pleasing ,เป็นที่ชื่นชอบ
pleased ,ยินดี
pleasure ,ความสุข
plenty ,ความอุดมสมบูรณ์
plot  ,พล็อต
plug ,ปลั๊ก
plus    ,บวก
pocket ,กระเป๋าเสื้อ
poem ,บทกวี
poetry ,บทกวี
point  ,จุด
pointed ,แหลม
poison  ,ยาพิษ
poisonous ,เป็นพิษ
pole ,เสา
police ,ตำรวจ
policy ,นโยบาย
polish  ,ขัด
polite ,สุภาพ
politely ,สุภาพ
political ,ในทางการเมือง
politically ,ในทางการเมือง
politician ,นักการเมือง
politics ,การเมือง
pollution ,มลพิษ
pool ,สระ
poor ,น่าสงสาร
pop  ,ป๊อปอัพ
popular ,เป็นที่นิยม
population ,ประชากร
port ,ท่าเรือ
pose  ,ก่อให้เกิด
position ,ตำแหน่ง
positive ,บวก
possess ,มี
possession ,สมบัติ
possibility ,ความเป็นไปได้
possible ,เป็นไปได้
possibly ,อาจ
post  ,เสา
post office ,ที่ทำการไปรษณีย์
pot ,หม้อ
potato ,มันฝรั่ง
potential  ,ที่อาจเกิดขึ้น
potentially ,ที่อาจเกิดขึ้น
pound ,ปอนด์
pour ,เท
powder ,ผง
power ,อำนาจ
powerful ,มีอำนาจ
practical ,ประยุกต์
practically ,จวน
practice ,การปฏิบัติ
practise  ,การปฏิบัติ
praise  ,สรรเสริญ
prayer ,การอธิษฐาน
precise ,แม่นยำ
precisely ,แม่นยำ
predict ,ทำนาย
prefer ,ชอบ
preference ,การตั้งค่า
pregnant ,ตั้งครรภ์
premises ,สถานที่
preparation ,การจัดเตรียม
prepare ,เตรียมการ
prepared ,ที่เตรียมไว้
presence ,การมี
present   ,ปัจจุบัน
presentation ,การเสนอ
preserve ,อนุรักษ์
president ,ประธาน
press  ,กด
pressure ,ความดัน
presumably ,สันนิษฐานว่า
pretend ,แกล้งทำ
pretty  ,น่ารัก
prevent ,ป้องกัน
previous ,ก่อน
previously ,ก่อนหน้านี้
price ,ราคา
pride ,ความภาคภูมิใจ
priest ,พระสงฆ์
primary ,ประถม
primarily ,ส่วนใหญ่
prime minister ,นายกรัฐมนตรี
prince ,เจ้าชาย
princess ,เจ้าหญิง
principle ,หลัก
print  ,พิมพ์
printing ,การพิมพ์
printer ,เครื่องพิมพ์
prior ,ก่อน
priority ,จัดลำดับความสำคัญ
prison ,คุก
prisoner ,นักโทษ
private ,เอกชน
privately ,สองต่อสอง
prize ,รางวัล
probable ,น่าจะเป็น
probably ,อาจ
problem ,ปัญหา
procedure ,ขั้นตอน
proceed ,ดำเนินดำเนินการต่อ
process  ,กระบวนการ
produce ,การผลิต
producer ,ผู้ผลิต
product ,สินค้า
production ,การผลิต
profession ,อาชีพ
professional  ,มืออาชีพ
professor ,ศาสตราจารย์
profit ,กำไร
program  ,โปรแกรม
programme  ,โปรแกรม
progress  ,ความคืบหน้า
project  ,โครงการ
promise  ,คำมั่นสัญญา
promote ,ส่งเสริม
promotion ,การส่งเสริม
prompt  ,รวดเร็ว
promptly ,พลัน
pronounce ,ออกเสียง
pronunciation ,การออกเสียง
proof ,พิสูจน์
proper ,เหมาะสม
properly ,อย่างถูกต้อง
property ,คุณสมบัติ
proportion ,สัดส่วน
proposal ,ข้อเสนอ
propose ,เสนอ
prospect ,โอกาส
protect ,ป้องกัน
protection ,การป้องกัน
protest  ,ประท้วง
proud ,ภูมิใจ
proudly ,ภาคภูมิใจ
prove ,พิสูจน์
provide ,ให้
provided ,ให้
pub ,ผับ
public  ,สาธารณะ
in public,ในที่สาธารณะ
publicly ,สาธารณชน
publication ,สิ่งพิมพ์
publicity ,การเผยแพร่
publishing ,การประกาศ
pull  ,ดึง
punch  ,หมัด
punish ,ลงโทษ
punishment ,การลงโทษ
pupil ,นักเรียน
purchase  ,ซื้อ
pure ,บริสุทธิ์
purely ,หมดจด
purple  ,สีม่วง
purpose ,วัตถุประสงค์
on purpose,โดยเจตนา
pursue ,ไล่ตาม
push  ,ดัน
put ,ใส่
put sth on,ใส่ฏบน
put sth out,ใส่ออกฏ
qualification ,คุณสมบัติ
qualify ,มีคุณสมบัติ
qualified ,มีคุณสมบัติ
quality ,คุณภาพ
quantity ,ปริมาณ
quarter ,ย่าน
queen ,พระราชินี
question  ,คำถาม
quick ,รวดเร็ว
quickly ,อย่างรวดเร็ว
quiet ,เงียบ
quietly ,เงียบ ๆ
quit ,เลิก
quite ,ทีเดียว
quote ,อ้างอิง
race  ,แข่ง
racing ,การแข่งรถ
radio ,วิทยุ
rail ,ทางรถไฟ
railway  ,ทางรถไฟ
rain  ,ฝน
raise ,ยก
range ,พิสัย
rank  ,ยศ
rapid ,รวดเร็ว
rapidly ,อย่างรวดเร็ว
rare ,หายาก
rarely ,นาน ๆ ครั้ง
rate  ,ประเมินค่า
rather ,ค่อนข้าง
rather than,ค่อนข้างมากกว่า
raw ,ดิบ
re- ,อีกครั้ง
reach ,การเข้าถึง
react ,เกิดปฏิกิริยา
reaction ,ปฏิกิริยา
read ,อ่าน
reading ,การอ่าน
reader ,ผู้อ่าน
ready ,พร้อมแล้ว
real ,จริง
really ,จริงๆ
realistic ,เหมือนจริง
reality ,ความจริง
realize ,ตระหนัก
really real,จริงๆจริง
rear  ,ด้านหลัง
reason ,เหตุผล
reasonable ,มีเหตุผล
reasonably ,สมเหตุสมผล
unreasonable ,ไม่มีเหตุผล
recall ,จำ
receipt ,ใบเสร็จรับเงิน
receive ,รับ
recent ,เมื่อเร็ว ๆ นี้
recently ,เมื่อเร็ว ๆ นี้
reception ,แผนกต้อนรับ
reckon ,คำนวณ
recognition ,ได้รับการยอมรับ
recognize ,รับรู้
recommend ,แนะนำ
record  ,บันทึก
recording ,การบันทึก
recover ,กู้
reduce ,ลด
reduction ,การลดลง
refer to ,อ้างถึง
reference ,การอ้างอิง
reflect ,สะท้อน
reform  ,ปฏิรูป
refrigerator ,ตู้เย็น
refusal ,การปฏิเสธ
refuse ,ขยะ
regard  ,คำนึงถึง
regarding ,เกี่ยวกับ
region ,ภูมิภาค
regional ,ของแคว้น
register  ,การลงทะเบียน
regret  ,เสียใจ
regular ,ปกติ
regularly ,สม่ำเสมอ
regulation ,ระเบียบข้อบังคับ
reject ,ปฏิเสธ
relate ,สัมพันธ์
related ,ที่เกี่ยวข้อง
relation ,ความสัมพันธ์
relationship ,ความสัมพันธ์
relative  ,ญาติ
relatively ,สัมพัทธ์
relax ,ผ่อนคลาย
relaxed ,ผ่อนคลาย
relaxing ,ผ่อนคลาย
release  ,ปล่อย
relevant ,ที่เกี่ยวข้อง
relief ,ความโล่งอก
religion ,ศาสนา
religious ,เคร่งศาสนา
rely on ,พึ่ง
remain ,ยังคง
remaining ,ที่เหลืออยู่
remains ,ซากศพ
remark  ,ข้อสังเกต
remarkable ,โดดเด่น
remarkably ,อย่างน่าทึ่ง
remember ,จำ
remind ,เตือน
remote ,ห่างไกล
removal ,การถอด
remove ,ลบ
rent  ,เช่า
rented ,ให้เช่า
repair  ,ซ่อมแซม
repeat ,ทำซ้ำ
repeated ,ซ้ำแล้วซ้ำอีก
repeatedly ,ซ้ำแล้วซ้ำเล่า
replace ,แทนที่
reply  ,ตอบ
report  ,รายงาน
represent ,แทน
representative  ,ตัวแทน
reproduce ,การทำซ้ำ
reputation ,ชื่อเสียง
require ,จำเป็นต้อง
requirement ,ความต้องการ
rescue  ,กู้ภัย
research ,การวิจัย
reservation ,การจองห้องพัก
reserve  ,สำรอง
resident  ,ผู้อยู่อาศัย
resist ,ต่อต้าน
resistance ,ความต้านทาน
resolve ,แก้ไข
resort ,รีสอร์ท
resource ,ทรัพยากร
respect  ,เคารพ
respond ,ตอบสนอง
response ,คำตอบ
responsibility ,ความรับผิดชอบ
responsible ,รับผิดชอบ
rest  ,ส่วนที่เหลือ
the rest,ส่วนที่เหลือ
restaurant ,ร้านอาหาร
restore ,ฟื้นฟู
restrict ,จำกัด
restricted ,ถูก จำกัด
restriction ,การ จำกัด
result  ,ผลลัพธ์
retain ,รักษา
retire ,เกษียณอายุ
retired ,ถอยออก
retirement ,การเกษียณอายุ
return  ,กลับ
reveal ,เปิดเผย
reverse  ,ถอยหลัง
review  ,ทบทวน
revise ,แก้ไขใหม่
revision ,การแก้ไข
revolution ,การปฏิวัติ
reward  ,รางวัล
rhythm ,จังหวะ
rice ,ข้าว
rich ,รวย
rid ,กำจัด
ride  ,นั่ง
riding ,การขี่
rider ,ผู้ขี่
ridiculous ,ไร้สาระ
right   ,ขวา
rightly ,อย่างถูกต้อง
ring  ,แหวน
rise  ,ลุกขึ้น
risk  ,อันตราย
rival  ,คู่แข่ง
river ,แม่น้ำ
road ,ถนน
rob ,ปล้น
rock ,หิน
role ,บทบาท
roll  ,ม้วน
romantic ,โรแมนติก
roof ,หลังคา
room ,ห้อง
root ,ราก
rope ,เชือก
rough ,ขรุขระ
roughly ,ลวก
round    ,รอบ
rounded ,โค้งมน
route ,เส้นทาง
routine  ,กิจวัตรประจำวัน
row ,แถว
royal ,หลวง
rub ,ถู
rubber ,ยาง
rubbish  ,ขยะมูลฝอย
rude ,หยาบ
rudely ,หยาบคาย
ruin  ,ทำลาย
ruined ,โทรม
rule  ,กฎ
ruler ,ไม้บรรทัด
rumour ,เล่าลือ
run  ,วิ่ง
running ,วิ่ง
runner ,ทางวิ่ง
rural ,ชนบท
rush  ,วิ่ง
sack  ,กระสอบ
sad ,เสียใจ
sadly ,เศร้า
sadness ,ความโศกเศร้า
safe ,ปลอดภัย
safely ,อย่างปลอดภัย
safety ,ความปลอดภัย
sail  ,แล่นเรือ
sailing ,การเดินเรือ
sailor ,กะลาสี
salad ,สลัด
salary ,เงินเดือน
sale ,การขาย
salt ,เกลือ
salty ,เค็ม
same ,เหมือนกัน
sand ,ทราย
satisfaction ,ความพอใจ
satisfy ,พอใจ
satisfied ,ความพึงพอใจ
satisfying ,ความพึงพอใจ
Saturday  ,วันเสาร์
sauce ,ซอส
save ,บันทึก
saving ,ประหยัด
say ,พูด
scale ,ขนาด
scare  ,ทำให้ตกใจ
scared ,กลัว
scene ,ฉาก
schedule  ,ตารางเวลา
scheme ,โครงการ
school ,โรงเรียน
science ,วิทยาศาสตร์
scientific ,วิทยาศาสตร์
scientist ,นักวิทยาศาสตร์
scissors ,กรรไกร
score  ,คะแนน
scratch  ,เกา
scream  ,กรี๊ด
screen ,จอภาพ
screw  ,สกรู
sea ,ทะเล
seal  ,ตราประทับ
search  ,ค้นหา
seat ,ที่นั่ง
second ,ที่สอง
secondary ,รอง
secret  ,ความลับ
secretly ,ลอบ
secretary ,เลขานุการ
section ,มาตรา
sector ,ภาค
secure  ,ปลอดภัย
security ,ความปลอดภัย
see ,ดู
seed ,เมล็ดพันธุ์
seek ,แสวงหา
seem linking ,ดูเหมือนการเชื่อมโยง
select ,เลือก
selection ,การเลือก
self ,ตนเอง
self- combining form,ตนเองรูปแบบการรวม
sell ,ขาย
senate ,วุฒิสภา
senator ,วุฒิสมาชิก
senior  ,ระดับอาวุโส
sense ,ความรู้สึก
sensible ,สมเหตุสมผล
sensitive ,รู้สึกไว
sentence ,ประโยค
separate  ,แยก
separated ,แยกออกจากกัน
separately ,แยกต่างหาก
separation ,การแยก
September  ,กันยายน
series ,ชุด
serious ,จริงจัง
seriously ,อย่างจริงจัง
servant ,คนรับใช้
serve ,บริการ
service ,บริการ
session ,เซสชั่น
set  ,ชุด
settle ,ชำระ
several ,หลาย
severe ,รุนแรง
severely ,อย่างรุนแรง
sew ,เย็บ
sewing ,เย็บปักถักร้อย
sexual ,ทางเพศ
sexually ,ทางเพศสัมพันธ์
shade ,ร่มเงา
shadow ,เงา
shake  ,สั่น
shall modal ,จะเป็นกิริยาช่วย
shallow ,ตื้น
shame ,ความอัปยศ
shape  ,รูปร่าง
shaped ,รูป
share  ,หุ้น
sharp ,คม
sharply ,เผ็ดร้อน
shave ,โกน
she ,เธอ
sheep ,แกะ
sheet ,แผ่น
shelf ,หิ้ง
shell ,เปลือก
shelter  ,ที่พักอาศัย
shift  ,เปลี่ยน
shine ,เปล่งปลั่ง
shiny ,มันเงา
ship ,เรือ
shirt ,เสื้อเชิ้ต
shock  ,ช็อก
shocking ,ที่ตกตะลึง
shocked ,ตกใจ
shoe ,รองเท้า
shoot ,ยิง
shooting ,การยิง
shop  ,ร้านขายของ
shopping ,ช้อปปิ้ง
short ,สั้น
shortly ,ในไม่ช้า
shot ,การถ่ายภาพ
should modal ,ควรเป็นกิริยาช่วย
shoulder ,ไหล่
shout  ,เสียงร้อง
show  ,แสดง
shower ,ฝักบัว
shut  ,ปิด
shy ,อาย
sick ,ป่วย
feel sick ,รู้สึกไม่สบาย
side ,ด้าน
sideways  ,ไปด้านข้าง
sight ,สายตา
sign  ,สัญญาณ
signal  ,สัญญาณ
signature ,ลายเซ็น
significant ,สำคัญ
significantly ,อย่างมีความหมาย
silence ,ความเงียบ
silent ,เงียบ
silk ,ไหม
silly ,โง่
similar ,คล้ายคลึงกัน
similarly ,เหมือนกับ
simple ,ง่าย
simply ,ง่ายดาย
since   ,ตั้งแต่
sincere ,จริงใจ
sincerely ,อย่างจริงใจ
Yours sincerely ,ขอแสดงความนับถือ
sing ,ร้องเพลง
singing ,การร้องเพลง
singer ,นักร้อง
single ,เดียว
sink ,จม
sir ,ท่าน
sister ,น้องสาว
sit ,นั่ง
sit down,นั่งลง
site ,เว็บไซต์
situation ,สถานการณ์
size ,ขนาด
-sized,-sized
skilful  ,ชำนาญ
skilfully  ,ชำนาญ
skill ,ความสามารถ
skilled ,มีฝีมือ
skin ,ผิว
skirt ,กระโปรง
sky ,ท้องฟ้า
sleep  ,นอน
sleeve ,แขนเสื้อ
slice  ,ชิ้น
slide ,สไลด์
slight ,เล็กน้อย
slightly ,เล็กน้อย
slip ,ลื่น
slope  ,ลาด
slow ,ช้า
slowly ,ช้า
small ,เล็ก
smart ,ฉลาด
smash  ,ชน
smell  ,กลิ่น
smile  ,รอยยิ้ม
smoke  ,ควัน
smoking ,ที่สูบบุหรี่
smooth ,เรียบ
smoothly ,อย่างราบรื่น
snake ,งู
snow  ,หิมะ
so  ,ดังนั้น
so that,ดังนั้น
soap ,สบู่
social ,สังคม
socially ,สังคม
society ,สังคม
sock ,ถุงเท้า
soft ,อ่อนนุ่ม
softly ,แผ่วเบา
software ,ซอฟต์แวร์
soil ,ดิน
soldier ,ทหาร
solid  ,ของแข็ง
solution ,สารละลาย
solve ,แก้
some ,บาง
somebody ,บางคน
somehow ,อย่างใด
something ,บางสิ่งบางอย่าง
sometimes ,บางครั้ง
somewhat ,ค่อนข้าง
somewhere ,บางแห่ง
son ,ลูกชาย
song ,เพลง
soon ,ในไม่ช้า
as soon as,เร็ว ๆ นี้
sore ,เจ็บ
sorry ,ขอโทษ
sort  ,ประเภท
soul ,จิตวิญญาณ
sound  ,เสียง
soup ,ซุป
sour ,เปรี้ยว
source ,แหล่ง
south   ,ทางทิศใต้
southern ,ทางใต้
space ,ช่องว่าง
spare  ,สำรอง
speak ,พูด
spoken ,พูด
speaker ,ผู้พูด
special ,พิเศษ
specially ,พิเศษ
specialist ,ผู้เชี่ยวชาญ
specific ,โดยเฉพาะ
speech ,การพูด
speed ,ความเร็ว
spell  ,สะกด
spend ,ใช้จ่าย
spice ,เครื่องเทศ
spicy ,รสจัด
spider ,แมงมุม
spin ,ปั่น
spirit ,วิญญาณ
spiritual ,มโนมัย
spite : in spite of,ทั้งๆที่: ทั้งๆที่
split  ,แยก
spoil ,ที่ริบ
spoken speak,พูดพูด
spoon ,ช้อน
sport ,กีฬา
spot ,จุด
spray  ,สเปรย์
spread ,การแพร่กระจาย
spring ,ฤดูใบไม้ผลิ
square  ,สี่เหลี่ยม
squeeze  ,บีบ
stable  ,มีเสถียรภาพ
staff ,บุคลากร
stage ,เวที
stair ,บันได
stamp  ,ประทับ
stand  ,ยืน
stand up,ยืนขึ้น
standard  ,มาตรฐาน
star  ,ดาว
stare  ,จ้อง
start  ,เริ่มต้น
state   ,สถานะ
statement ,คำให้การ
station ,สถานี
statue ,รูปปั้น
status ,สถานะ
stay  ,เข้าพัก
steady ,มั่นคง
steadily ,อย่างมั่นคง
unsteady ,ไม่คงที่
steal ,ขโมย
steam ,ไอน้ำ
steel ,เหล็ก
steep ,สูงชัน
steeply ,อย่างสูงลิ่ว
steer ,คัดท้าย
step  ,ขั้นตอน
stick  ,ติด
stick out,พลุ้ย
sticky ,เหนียว
stiff ,แข็ง
stiffly ,เคร่งครัด
still  ,ยังคง
sting  ,ต่อย
stir ,กวน
stock ,คลังสินค้า
stomach ,กระเพาะอาหาร
stone ,หิน
stop  ,หยุด
store  ,เก็บ
storm ,พายุ
story ,เรื่องราว
stove ,เตา
straight  ,ตรง
strain ,ความเครียด
strange ,แปลก
strangely ,ตระการ
stranger ,คนแปลกหน้า
strategy ,กลยุทธ์
stream ,กระแส
street ,ถนน
strength ,ความแข็งแรง
stress  ,ความตึงเครียด
stressed ,เครียด
stretch ,ยืด
strict ,เข้มงวด
strictly ,อย่างเคร่งครัด
strike  ,โจมตี
striking ,โดดเด่น
string ,เชือก
strip  ,เพิก
stripe ,ริ้ว
striped ,ลาย
stroke  ,ลากเส้น
strong ,แข็งแรง
strongly ,เสถียร
structure ,โครงสร้าง
struggle  ,การต่อสู้
student ,นักเรียน
studio ,สตูดิโอ
study  ,ศึกษา
stuff ,สิ่ง
stupid ,โง่
style ,สไตล์
subject ,เรื่อง
substance ,สสาร
substantial ,รูปธรรม
substantially ,อย่างเป็นจริงเป็นจัง
substitute  ,แทน
succeed ,ประสบความสำเร็จ
successful ,ที่ประสบความสำเร็จ
successfully ,ประสบความสำเร็จ
unsuccessful ,ไม่สำเร็จ
such ,อย่างเช่น
such as,เช่น
suck ,ดูด
sudden ,ฉับพลัน
suddenly ,ทันใดนั้น
suffer ,ประสบ
suffering ,ความทุกข์ทรมาน
sufficient ,เพียงพอ
sufficiently ,พอ
sugar ,น้ำตาล
suggest ,แนะนำ
suggestion ,ข้อเสนอแนะ
suit  ,สูท
suited ,เหมาะ
suitable ,เหมาะสม
suitcase ,กระเป๋าเดินทาง
sum ,รวม
summary ,สรุป
summer ,ฤดูร้อน
sun ,ดวงอาทิตย์
Sunday  ,วันอาทิตย์
superior ,เหนือกว่า
supermarket ,ซุปเปอร์มาร์เก็ต
supply  ,จัดหา
supporter ,ผู้สนับสนุน
suppose ,สมมติ
sure  ,แน่ใจ
make sure,ตรวจสอบให้แน่ใจ
surely ,อย่างแน่นอน
surface ,พื้นผิว
surname  ,นามสกุล
surprise  ,แปลกใจ
surprising ,น่าแปลกใจ
surprisingly ,อย่างแปลกใจ
surprised ,ประหลาดใจ
surround ,รอบทิศทาง
surrounding ,ที่ล้อมรอบ
surroundings ,สิ่งแวดล้อม
survey  ,สำรวจ
survive ,อยู่รอด
suspect  ,สงสัย
suspicion ,ความสงสัย
suspicious ,พิรุธ
swallow ,กลืน
swear ,สาบาน
swearing ,การสาบาน
sweat  ,เหงื่อ
sweater ,เสื้อกันหนาว
sweep ,กวาด
sweet  ,หวาน
swell ,บวม
swelling ,บวม
swollen ,ปูด
swim ,การว่ายน้ำ
swimming ,ว่ายน้ำ
swimming pool ,สระว่ายน้ำ
swing  ,แกว่ง
switch  ,สวิตซ์
switch sth off,สวิทช์ปิดฏ
switch sth on,สลับฏบน
swollen swell,บวมบวม
symbol ,สัญลักษณ์
sympathetic ,สงสาร
sympathy ,ความเห็นอกเห็นใจ
system ,ระบบ
table ,โต๊ะ
tablet ,ยาเม็ด
tackle  ,ต่อสู้
tail ,หาง
take ,เอา
take sth off,ถอดฏ
take (sth) over,ใช้เวลา (ฏ) มากกว่า
talk  ,พูดคุย
tall ,สูง
tank ,ถัง
tap  .,แตะเบา ๆ
tape ,เทป
target ,เป้า
task ,งาน
taste  ,ลิ้มรส
tax  ,ภาษี
tea ,ชา
teach ,สั่งสอน
teaching ,การสอน
teacher ,ครู
team ,ทีม
tear ,การฉีกขาด
tear ,การฉีกขาด
technical ,วิชาการ
technique ,เทคนิค
technology ,เทคโนโลยี
telephone ,โทรศัพท์
television ,โทรทัศน์
tell ,บอก
temperature ,อุณหภูมิ
temporary ,ชั่วคราว
temporarily ,ชั่วคราว
tend ,มีแนวโน้ม
tendency ,ความโน้มเอียง
tension ,ความตึงเครียด
tent ,เต็นท์
term ,วาระ
terrible ,น่ากลัว
terribly ,ชะมัด
test  ,ทดสอบ
text ,ข้อความ
than  ,กว่า
thank ,ขอบคุณ
thanks,ขอบคุณ
thank you ,ขอขอบคุณ
that ,ที่
theatre ,โรงละคร
their ,ของพวกเขา
theirs ,ของพวกเขา
them ,พวกเขา
theme ,กระทู้
themselves ,ตัวเอง
then ,แล้วก็
theory ,ทฤษฎี
there ,ที่นั่น
therefore ,ดังนั้น
they ,พวกเขา
thick ,หนา
thickly ,อย่างหนาแน่น
thickness ,ความหนา
thief ,ขโมย
thin ,ผอม
thing ,สิ่ง
think ,คิด
thinking ,ความคิด
thirsty ,กระหายน้ำ
this ,นี้
thorough ,ทั่วถึง
thoroughly ,อย่างถี่ถ้วน
though  ,แม้
thought ,ความคิด
thread ,เกลียว
threat ,การคุกคาม
threaten ,ขู่
threatening ,ขู่
throat ,ลำคอ
through  ,ตลอด
throughout  ,ตลอด
throw ,โยน
throw sth away,ทิ้งฏ
thumb ,นิ้วหัวแม่มือ
Thursday ,วันพฤหัสบดี
thus ,ดังนั้น
ticket ,ตั๋ว
tidy  ,เรียบร้อย
untidy ,รก
tie  ,ผูก
tie sth up,ผูกขึ้นฏ
tight  ,แน่น
tightly ,อย่างแน่นหนา
till until,จนจน
time ,เวลา
timetable ,ตารางเวลา
tin ,ดีบุก
tiny ,ขนาดเล็ก
tip  ,ปลาย
tire ,ยาง
tiring ,น่าเบื่อหน่าย
tired ,เหนื่อย
title ,หัวข้อ
today  ,ในวันนี้
toe ,นิ้วเท้า
together ,ด้วยกัน
toilet ,ห้องน้ำ
tomato ,มะเขือเทศ
tomorrow  ,วันพรุ่งนี้
ton ,ตัน
tone ,โทน
tongue ,ลิ้น
tonight  ,คืนนี้
tonne ,ตัน
too ,เกินไป
tool ,เครื่องมือ
tooth ,ฟัน
top  ,ด้านบน
topic ,หัวข้อเรื่อง
total  ,รวม
totally ,โดยสิ้นเชิง
touch  ,สัมผัส
tough ,ยาก
tour  ,การท่องเที่ยว
tourist ,นักท่องเที่ยว
towards,ไปทาง
towel ,ผ้าขนหนู
tower ,หอคอย
town ,ตัวเมือง
toy  ,ของเล่น
trace  ,ติดตาม
track ,ติดตาม
trade  ,ค้า
trading ,การค้าขาย
tradition ,ประเพณี
traditional ,แบบดั้งเดิม
traditionally ,ตามธรรมเนียม
traffic ,การจราจร
train  ,รถไฟ
training ,การอบรม
transfer  ,โอน
transform ,แปลง
translate ,แปลภาษา
translation ,การแปล
transparent ,โปร่งใส
transport ,ขนส่ง
trap  ,กับดัก
travel  ,การท่องเที่ยว
traveller  ,นักท่องเที่ยว
treat ,รักษา
treatment ,การรักษา
tree ,ต้นไม้
trend ,แนวโน้ม
trial ,การทดลอง
triangle ,สามเหลี่ยม
trick  ,เคล็ดลับ
trip  ,การเดินทาง
tropical ,เขตร้อน
trouble ,ปัญหา
trousers  ,กางเกง
truck  ,รถบรรทุก
true ,จริง
truly ,อย่างแท้จริง
Yours Truly ,ขอแสดงความนับถือ
trust  ,วางใจ
truth ,ความจริง
try ,ลอง
tube ,หลอด
Tuesday ,วันอังคาร
tune  ,ทำนองเพลง
tunnel ,อุโมงค์
turn  ,กลับ
TV television,โทรทัศน์ทีวี
twice ,สองครั้ง
twin  ,คู่
twist  ,บิด
twisted ,เป๋
type  ,ชนิด
typical ,ตามแบบฉบับ
typically ,เป็นปกติ
tyre   ,ยาง
ugly ,น่าเกลียด
ultimate ,ที่สุด
ultimately ,ในที่สุด
umbrella ,ร่ม
unable ,ไม่สามารถ
unacceptable ,รับไม่ได้
uncertain ,ไม่แน่ใจ
uncle ,ลุง
uncomfortable ,อึดอัด
unconscious ,ไม่ได้สติ
uncontrolled ,ไม่มีการควบคุม
under  ,ภายใต้
underground  ,ใต้ดิน
underneath  ,ภายใต้
understand ,เข้าใจ
understanding ,ความเข้าใจ
underwater  ,ใต้น้ำ
underwear ,ชุดชั้นใน
undo do,เลิกทำ
unemployed ,ว่างงาน
unemployment ,การว่างงาน
unexpected ,ไม่คาดฝัน
unfair ,ไม่ยุติธรรม
unfortunate ,โชคร้าย
unfortunately ,น่าเสียดาย
unfriendly ,ไม่เป็นมิตร
unhappiness ,ความทุกข์
unhappy ,ไม่มีความสุข
uniform  ,เหมือนกัน
unimportant ,ไม่สำคัญ
union ,สหภาพ
unique ,เป็นเอกลักษณ์
unit ,หน่วย
unite ,Unite
united ,ปึกแผ่น
universe ,จักรวาล
university ,มหาวิทยาลัย
unkind ,เหี้ยมโหด
unknown ,ไม่ทราบ
unless ,เว้นแต่
unlike ,แตกต่าง
unlikely ,ไม่แน่
unload ,ขน
unlucky ,โชคร้าย
unnecessary,ไม่จำเป็น
unpleasant ,ไม่เป็นที่พอใจ
unreasonable ,ไม่มีเหตุผล
unsteady ,ไม่คงที่
unsuccessful ,ไม่สำเร็จ
untidy ,รก
until ,จนกระทั่ง
unusual ,ผิดปกติ
unwilling ,ไม่เต็มใจ
up  ,ขึ้น
upon ,เมื่อ
upper ,บน
upset  ,อารมณ์เสีย
upsetting ,upsetting
upside down ,ลงคว่ำ
upstairs   ,ชั้นบน
upwards ,สูงกว่า
upward ,ขึ้นไปข้างบน
urban ,ในเมือง
urge  ,กระตุ้น
urgent ,ด่วน
us ,เรา
use  ,ใช้
used ,ใช้
used to sth,ใช้ในการฏ
used to modal ,ใช้ในการคำกริยา
useful ,มีประโยชน์
useless ,ไร้ประโยชน์
user ,ผู้ใช้งาน
usual ,ตามปกติ
usually ,มักจะ
unusual ,ผิดปกติ
unusually ,ผิดปกติ
vacation ,วันหยุด
valid ,ถูกต้อง
valley ,หุบเขา
valuable ,มีคุณค่า
value  ,ความคุ้มค่า
van ,รถตู้
variation ,การเปลี่ยนแปลง
variety ,ความหลากหลาย
various ,ต่างๆ
vary ,แตกต่าง
varied ,แตกต่างกัน
vast ,กว้างใหญ่
vegetable ,ผัก
vehicle ,พาหนะ
venture  ,เสี่ยง
version ,รุ่น
vertical ,แนวตั้ง
very ,มาก
via ,ผ่านทาง
victim ,เหยื่อ
victory ,ชัยชนะ
video ,วีดีโอ
view  ,ดู
village ,หมู่บ้าน
violence ,ความรุนแรง
violent ,รุนแรง
violently ,อย่างรุนแรง
virtually ,จวน
virus ,ไวรัส
visible ,มองเห็นได้
vision ,วิสัยทัศน์
visit  ,เยือน
visitor ,ผู้มาเยือน
vital ,จำเป็น
vocabulary ,คำศัพท์
voice ,เสียงพูด
volume ,ปริมาณ
vote  ,โหวต
wage ,ค่าจ้าง
waist ,เอว
wait ,รอ
waiter waitress ,บริกรบริกร
wake (up) ,ตื่นนอน)
walk  ,เดิน
walking ,ที่เดิน
wall ,ผนัง
wallet ,กระเป๋าสตางค์
wander  ,เดิน
want ,ต้องการ
war ,สงคราม
warm  ,อบอุ่น
warmth ,ความอบอุ่น
warn ,เตือน
warning ,คำเตือน
wash ,ล้าง
washing ,การซัก
waste   ,ของเสีย
watch  ,ดู
water ,น้ำ
wave  ,คลื่น
way ,ทาง
we ,เรา
weak ,อ่อนแอ
weakness ,ความอ่อนแอ
wealth ,ความมั่งคั่ง
weapon ,อาวุธ
wear ,สวมใส่
weather ,สภาพอากาศ
web ,เว็บ
the Web ,เว็บ
website ,เว็บไซต์
wedding ,งานแต่งงาน
Wednesday ,วันพุธ
week ,สัปดาห์
weekend ,สุดสัปดาห์
weekly ,รายสัปดาห์
weigh ,ชั่งน้ำหนัก
weight ,น้ำหนัก
welcome ,ยินดีต้อนรับ
well,ดี
as well ,ได้เป็นอย่างดี
well known know,ที่รู้จักกันดีรู้
west   ,ทิศตะวันตก
western ,ตะวันตก
wet ,เปียก
what ,อะไร
whatever ,อะไรก็ตาม
wheel ,ล้อ
when ,เมื่อไหร่
whenever ,เมื่อไรก็ตาม
where  ,ที่ไหน
whereas ,แต่ทว่า
wherever ,ที่ไหนก็ตาม
whether ,ว่า
which,ที่
while  ,ในขณะที่
whilst ,ในขณะที่
whisper  ,กระซิบ
whistle  ,นกหวีด
white  ,ขาว
who ,Who
whoever ,ใครก็ตาม
whole  ,ทั้งหมด
whom ,ใคร
whose ,ใคร
why ,ทำไม
wide ,กว้าง
widely ,อย่างกว้างขวาง
width ,ความกว้าง
wife ,ภรรยา
wild ,ป่า
wildly ,ลำพอง
will modal  ,จะเป็นกิริยาช่วย
willing ,เต็มใจ
willingly ,เต็มใจ
unwilling ,ไม่เต็มใจ
unwillingly ,แกน
willingness ,ความเต็มใจ
win ,ชนะ
winning ,การชนะ
wind ,ลม
wind sth up,ลมฏขึ้น
window ,หน้าต่าง
wine ,ไวน์
wing ,ปีก
winner ,ผู้ชนะ
winter ,ฤดูหนาว
wire ,ลวด
wise ,ฉลาด
wish  ,ประสงค์
with ,กับ
withdraw ,ถอน
within ,ภายใน
without ,ไม่มี
witness  ,พยาน
woman ,หญิง
wonder ,น่าแปลกใจ
wonderful ,ยอดเยี่ยม
wood ,ไม้
wooden ,ทำด้วยไม้
wool ,ขนสัตว์
word ,คำ
work  ,งาน
working ,การทำงาน
worker ,ผู้ปฏิบัติงาน
world ,โลก
worry  ,กังวล
worrying ,น่าหนักใจ
worried ,กังวล
worse worst bad,ที่เลวร้ายยิ่งเลวร้ายที่เลวร้ายที่สุด
worship  ,นมัสการ
worth ,คุ้มค่า
would modal ,จะเป็นกิริยาช่วย
wound  ,บาดแผล
wounded ,คนบาดเจ็บ
wrap ,ห่อ
wrapping ,ห่อ
wrist ,ข้อมือ
write ,เขียน
writing ,การเขียน
written ,เขียน
writer ,นักเขียน
wrong  ,ไม่ถูกต้อง
go wrong,ผิดไป
wrongly ,อย่างผิดพลาด
yard ,ลาน
yawn  ,อ้าปากค้าง
yeah,ใช่
year ,ปี
yellow  ,สีเหลือง
yes ,ใช่
yesterday  ,เมื่อวาน
you ,คุณ
young ,หนุ่มสาว
your ,ของคุณ
yours ,ของคุณ
yourself ,ด้วยตัวคุณเอง
youth ,หนุ่ม
zone ,โซน
